id,name,category_key,recommended,classification,review_status,baseline_price_eur,price_eur,price_delta_pct,baseline_package_value,baseline_package_unit,package_value,package_unit,proposed_url,observed_barcodes,availability,review_reasons,source_file,reason
05753f93-907f-427d-a4dc-0a690ff3a76d,Tiefenreinigungs-Shampoo,deep_cleansing_shampoo,True,verified_exact,ready_for_dry_run,5.95,5.95,0.0,,,200.0,ml,https://www.dm.de/p/d/3119217/schwarzkopf-gliss-shampoo-scalp-balance-tiefenreinigung,"[""4015100893007""]","{""purchasable"": true, ""sellout"": false}",[],dm-final-matched-refresh.json,"Fresh official dm result matched selected DAN/GTIN, package and public price; purchasable=true."
375ee7a0-3262-4b99-8e48-4f327c6e09aa,Shampoo Tiefenreinigung,deep_cleansing_shampoo,True,verified_exact,ready_for_dry_run,1.25,1.25,0.0,,,250.0,ml,https://www.dm.de/p/d/1536339/balea-professional-shampoo-tiefenreinigung,"[""4070765001020""]","{""purchasable"": true, ""sellout"": false}",[],dm-final-matched-refresh.json,"Fresh official dm result matched selected DAN/GTIN, package and public price; purchasable=true."
07895098-a301-4137-b5c6-9061589b1800,Deep Cleansing Shampoo,deep_cleansing_shampoo,True,verified_exact,ready_for_dry_run,11.95,12.99,8.7,,,330,ml,https://www.rossmann.de/de/pflege-und-duft-neqi-deep-cleansing-shampoo/p/4063528103192,"[""4063528103192""]",available,[],rossmann-final-browser-refresh.json,Oct 3 live exact Rossmann whole-pack offer and online delivery confirmed.
ae0e9d21-1e16-4c03-9792-773dbdc2fd18,Professional Shampoo Tiefenreinigung,deep_cleansing_shampoo,True,verified_exact,ready_for_dry_run,1.29,1.29,0.0,,,250,ml,https://www.rossmann.de/de/pflege-und-duft-isana-professional-shampoo-tiefenreinigung/p/4068134135490,"[""4068134135490""]",available,[],rossmann-final-browser-refresh.json,Oct 3 live exact Rossmann whole-pack offer and online delivery confirmed.
41e09958-5a1f-4997-b99b-f8384b7a8c0c,Trockenshampoo Kopfhaut Sensitive,dry_shampoo,True,unavailable_verified,held,1.95,1.95,,,,200.0,ml,https://www.dm.de/p/d/1711758/balea-trockenshampoo-kopfhaut-sensitive,"[""4066447438789""]","{""purchasable"": false, ""sellout"": false}","[""unavailable_verified""]",dm-final-matched-refresh.json,"Fresh official dm result matched selected DAN/GTIN, package and public price; purchasable=false."
898a5a1e-1cf1-4812-8f9e-f14563a740ca,Tiefenreinigung Shampoo,deep_cleansing_shampoo,True,verified_exact,ready_for_dry_run,2.45,2.45,0.0,,,250.0,ml,https://www.dm.de/p/d/2555198/swiss-o-par-shampoo-tiefenreinigung,"[""4104260073500""]","{""purchasable"": true, ""sellout"": false}",[],dm-final-matched-refresh.json,"Fresh official dm result matched selected DAN/GTIN, package and public price; purchasable=true."
27fe4310-c1b8-4b02-a59e-cb9aa1f3314a,Trockenshampoo Schaum Kopfhaut Sensitive,dry_shampoo,True,needs_barcode_review,held,1.45,1.45,,,,150.0,ml,https://www.dm.de/p/d/2974661/balea-trockenshampoo-schaum-kopfhaut-sensitive,"[""4066447989540""]","{""purchasable"": true, ""sellout"": false}","[""needs_barcode_review""]",dm-final-matched-refresh.json,"Same product/package evidence exists, but the current dm MCP GTIN differs from the catalog GTIN; hold for barcode lineage review."
ff309c8a-ecd5-415c-9016-1b726c9fb3a4,Trockenshampoo Blond,dry_shampoo,True,verified_exact,ready_for_dry_run,3.95,3.95,0.0,,,200.0,ml,https://www.dm.de/p/d/1435894/batiste-trockenshampoo-blond,"[""5010724527467""]","{""purchasable"": true, ""sellout"": false}",[],dm-final-matched-refresh.json,"Fresh official dm result matched selected DAN/GTIN, package and public price; purchasable=true."
6a1116a0-731f-46bb-9dd6-a0db89de5a13,Trockenshampoo dunkel,dry_shampoo,True,verified_exact,ready_for_dry_run,3.95,3.95,0.0,,,200.0,ml,https://www.dm.de/p/d/1435905/batiste-trockenshampoo-dunkel,"[""5010724527443""]","{""purchasable"": true, ""sellout"": false}",[],dm-final-matched-refresh.json,"Fresh official dm result matched selected DAN/GTIN, package and public price; purchasable=true."
d28643c8-c340-4514-826a-6c1ac8419fe9,Trockenshampoo Bruenett,dry_shampoo,True,verified_exact,ready_for_dry_run,3.95,3.99,1.01,,,200,ml,https://www.rossmann.de/de/pflege-und-duft-batiste-trockenshampoo-bruenette-farbauffrischend-keine-weissen-rueckstaende-200-ml-online-kaufen/p/5010724527474,"[""5010724527474""]",available,[],rossmann-final-browser-refresh.json,Oct 3 live exact Rossmann whole-pack offer and online delivery confirmed.
57ec7a8e-aa1b-4260-81d6-7ec3dbc899b8,Trockenshampoo Sensible Kopfhaut,dry_shampoo,True,verified_exact,ready_for_dry_run,3.95,3.95,0.0,,,200.0,ml,https://www.dm.de/p/d/2476792/batiste-trockenshampoo-sensible-kopfhaut,"[""5010724003824""]","{""purchasable"": true, ""sellout"": false}",[],dm-final-matched-refresh.json,"Fresh official dm result matched selected DAN/GTIN, package and public price; purchasable=true."
786a1396-914e-4739-a32c-1c3ead39a3d1,Trockenshampoo Original,dry_shampoo,True,verified_exact,ready_for_dry_run,3.75,3.75,0.0,,,200.0,ml,https://www.dm.de/p/d/1551780/batiste-trockenshampoo-original,"[""5010724527481""]","{""purchasable"": true, ""sellout"": false}",[],dm-final-matched-refresh.json,"Fresh official dm result matched selected DAN/GTIN, package and public price; purchasable=true."
2b2161a2-6c09-435f-adbb-49da44d434ae,Trockenshampoo Extra Volumen,dry_shampoo,True,verified_exact,ready_for_dry_run,3.99,3.95,-1.0,,,200.0,ml,https://www.dm.de/p/d/1685672/got2b-trockenshampoo-extra-volumen,"[""4015100800227""]","{""purchasable"": true, ""sellout"": false}",[],dm-final-matched-refresh.json,"Fresh official dm result matched selected DAN/GTIN, package and public price; purchasable=true."
dc8b8d4a-8ca9-452c-8d04-03b785b63275,Trockenshampoo Liquid to Dry,dry_shampoo,True,verified_exact,ready_for_dry_run,3.95,3.95,0.0,,,150.0,ml,https://www.dm.de/p/d/2476987/got2b-trockenshampoo-liquid-to-dry,"[""4015100815788""]","{""purchasable"": true, ""sellout"": false}",[],dm-final-matched-refresh.json,"Fresh official dm result matched selected DAN/GTIN, package and public price; purchasable=true."
b5b595d2-9ba3-4c99-8f99-b2b79d29eb56,Trockenshampoo Jedes Haar,dry_shampoo,True,verified_exact,ready_for_dry_run,1.99,1.99,0.0,,,200,ml,https://www.rossmann.de/de/pflege-und-duft-isana-trockenshampoo-jedes-haar-langanhaltende-frische-und-volumen-anti-fett-formel-200-ml-online-kaufen/p/4305615554532,"[""4305615554532""]",available,[],rossmann-final-browser-refresh.json,Oct 3 live exact Rossmann whole-pack offer and online delivery confirmed.
b000d235-1fc6-434c-9ba1-f1207d36cded,Balea 2 in 1 Urea 5%,shampoo,True,verified_exact,ready_for_dry_run,1.75,1.75,0.0,,,300.0,ml,https://www.dm.de/p/d/1376376/balea-med-duschgel-und-shampoo-5-prozent-urea-2in1,"[""4066447965414""]","{""purchasable"": true, ""sellout"": false}",[],dm-final-matched-refresh.json,"Fresh official dm result matched selected DAN/GTIN, package and public price; purchasable=true."
ead1333b-6839-464d-b272-673d39bb95a4,Balea Aqua Hyaluron,shampoo,True,verified_exact,ready_for_dry_run,1.25,1.25,0.0,,,250.0,ml,https://www.dm.de/p/d/1675524/balea-professional-shampoo-aqua-hyaluron,"[""4070765001648""]","{""purchasable"": true, ""sellout"": false}",[],dm-final-matched-refresh.json,"Fresh official dm result matched selected DAN/GTIN, package and public price; purchasable=true."
eafe4cfa-f4a9-47b3-a36d-b689f1da5c7d,Balea Kopfhaut Sensitive Shampoo,shampoo,True,verified_exact,ready_for_dry_run,1.25,1.25,0.0,,,250.0,ml,https://www.dm.de/p/d/1701109/balea-professional-shampoo-kopfhaut-sensitive,"[""4070765001044""]","{""purchasable"": true, ""sellout"": false}",[],dm-final-matched-refresh.json,"Fresh official dm result matched selected DAN/GTIN, package and public price; purchasable=true."
d01de47e-e360-4b31-9924-e3e5bc31ccdc,Balea Professional Ultimate Volume,shampoo,True,unavailable_verified,held,1.25,1.25,,,,250,ml,https://www.dm.de/p/d/1703262/balea-professional-shampoo-ultimate-volume,"[""4067796075021""]",unavailable,"[""unavailable_verified""]",shampoos-recovery-evidence.json,"dm-exclusive Balea exact canonical product offer is not buyable. Per assigned scope, no reseller substitute selected."
0f71ff9d-bf1e-4d76-883a-e1a9e6a2094c,Balea Tiefenreinigung,shampoo,True,verified_exact,ready_for_dry_run,1.25,1.25,0.0,,,250.0,ml,https://www.dm.de/p/d/1536339/balea-professional-shampoo-tiefenreinigung,"[""4070765001020""]","{""purchasable"": true, ""sellout"": false}",[],dm-final-matched-refresh.json,"Fresh official dm result matched selected DAN/GTIN, package and public price; purchasable=true."
a79513be-e34b-4a1e-b7eb-b3d4b58160be,Balea Ultra Sensitive,shampoo,True,verified_exact,ready_for_dry_run,1.75,1.75,0.0,,,250.0,ml,https://www.dm.de/p/d/1569035/balea-med-shampoo-ultra-sensitive,"[""4066447966008""]","{""purchasable"": true, ""sellout"": false}",[],dm-final-matched-refresh.json,"Fresh official dm result matched selected DAN/GTIN, package and public price; purchasable=true."
f184aef4-d8f9-4956-bcd6-ba1bf1ebeace,Balea Med Anti Schuppen,shampoo,True,verified_exact,ready_for_dry_run,2.45,2.45,0.0,,,250.0,ml,https://www.dm.de/p/d/2968885/balea-med-shampoo-anti-schuppen-ultra-sensitive,"[""4066447972528""]","{""purchasable"": true, ""sellout"": false}",[],dm-final-matched-refresh.json,"Fresh official dm result matched selected DAN/GTIN, package and public price; purchasable=true."
a1c3dc8d-2638-497f-8c7f-9b491c9003b0,Cantu Shampoo Locken Pflege,shampoo,True,verified_exact,ready_for_dry_run,6.95,6.95,0.0,400,ml,400.0,ml,https://www.dm.de/p/d/1675020/cantu-shampoo-cream-cleanse,"[""810006945461""]","{""purchasable"": true, ""sellout"": false}",[],dm-final-matched-refresh.json,"Fresh official dm result matched selected DAN/GTIN, package and public price; purchasable=true."
1f51a69f-c946-4898-9091-2fd2c59fb467,Dejan Garz Shampoo,shampoo,True,verified_exact,ready_for_dry_run,9.99,9.95,-0.4,,,300.0,ml,https://www.dm.de/p/d/3063729/dejan-garz-shampoo-the-foundation,"[""4270004570106""]","{""purchasable"": true, ""sellout"": false}",[],dm-final-matched-refresh.json,"Fresh official dm result matched selected DAN/GTIN, package and public price; purchasable=true."
744de604-d266-453b-a56b-eea92c5ca565,Guhl Anti Schuppen,shampoo,True,verified_exact,ready_for_dry_run,3.95,3.95,0.0,,,250.0,ml,https://www.dm.de/p/d/1446893/guhl-shampoo-anti-schuppen,"[""4072600282205""]","{""purchasable"": true, ""sellout"": false}",[],dm-final-matched-refresh.json,"Fresh official dm result matched selected DAN/GTIN, package and public price; purchasable=true."
cd7461cc-7fde-40dd-8d39-fca1aa8f30bf,Guhl Frische und Leichtigkeit,shampoo,True,verified_exact,ready_for_dry_run,3.95,3.95,0.0,,,250.0,ml,https://www.dm.de/p/d/1446883/guhl-shampoo-frische-und-leichtigkeit-anti-fett,"[""4072600282274""]","{""purchasable"": true, ""sellout"": false}",[],dm-final-matched-refresh.json,"Fresh official dm result matched selected DAN/GTIN, package and public price; purchasable=true."
16ebefbe-48d8-4c7f-9c81-b903651a6e03,Guhl Hyaluron+,shampoo,True,verified_exact,ready_for_dry_run,3.99,3.95,-1.0,,,250,ml,https://www.mueller.de/p/guhl-hyaluron-pflege-feuchtigkeits-shampoo-250-ml-IPN2887702/,"[""4072600720219""]",https://schema.org/InStock,[],retailer-final-price-refresh.json,"Live primary PDP Product/Offer markup and product fields verify matching GTIN, size, unconditional item price and InStock availability."
9bfad335-a086-45a0-9af7-f26b36b4ecff,Guhl Kraft & Fülle,shampoo,True,verified_exact,ready_for_dry_run,4.95,4.95,0.0,,,250.0,ml,https://www.dm.de/p/d/3043222/guhl-shampoo-kraft-und-fuelle,"[""4072600703502""]","{""purchasable"": true, ""sellout"": false}",[],dm-final-matched-refresh.json,"Fresh official dm result matched selected DAN/GTIN, package and public price; purchasable=true."
02afbd03-1c7d-467c-8a07-a8b226d6f535,Guhl Kopfhaut Sensitive,shampoo,True,verified_exact,ready_for_dry_run,3.95,3.95,0.0,,,250.0,ml,https://www.dm.de/p/d/1446989/guhl-shampoo-kopfhaut-sensitiv,"[""4072600283172""]","{""purchasable"": true, ""sellout"": false}",[],dm-final-matched-refresh.json,"Fresh official dm result matched selected DAN/GTIN, package and public price; purchasable=true."
a06cfc4d-c4f5-457e-a94e-26559f96f0e9,Hair Biology Revitalize & Soothe,shampoo,True,unavailable_verified,held,4.99,4.95,,,,250,ml,https://www.dm.de/p/d/1588828/hair-biology-shampoo-revitalize-und-soothe,"[""8006540153963""]",unavailable,"[""unavailable_verified""]",shampoos-recovery-evidence.json,dm exact product unavailable; substantive alternate discovery did not establish a current buyable preferred German offer. This does not establish market-wide unavailability.
c07a181b-3d55-4d47-ad68-9c1e324d4496,Hask Curl Care Shampoo,shampoo,True,verified_exact,ready_for_dry_run,6.95,7.95,14.39,,,355,ml,https://www.hagel-shop.de/hask-curl-care-moisturizing-shampoo-355-ml.html,"[""071164304112""]",http://schema.org/InStock,[],retailer-final-price-refresh.json,"Exact registered GTIN, package and buyable German specialist offer."
17b6d50e-ca5b-4f66-bdd7-39bd19afe748,Hask Shampoo Argan Oil,shampoo,True,verified_exact,ready_for_dry_run,6.95,7.95,14.39,,,355,ml,https://www.hagel-shop.de/hask-argan-oil-repairing-shampoo-355-ml-5815312.html,"[""071164343166""]",http://schema.org/InStock,[],retailer-final-price-refresh.json,"Exact registered GTIN, package and buyable German specialist offer."
716a4f4e-6ba4-4742-a1cf-75e90ae1da3f,Head & Shoulders Anti Schuppen Sensitive,shampoo,True,verified_exact,ready_for_dry_run,3.95,3.95,0.0,,,250.0,ml,https://www.dm.de/p/d/3115868/head-und-shoulders-shampoo-anti-schuppen-sensitive-kopfhaut,"[""8006530222037""]","{""purchasable"": true, ""sellout"": false}",[],dm-final-matched-refresh.json,"Fresh official dm result matched selected DAN/GTIN, package and public price; purchasable=true."
d408aca9-cd16-4cb0-90e7-bab26a698000,Head & Shoulders DERMAXPRO Haarshampoo Sensitive Pflege,shampoo,True,verified_exact,needs_alignment,4.99,5.59,12.02,,,250,ml,https://www.drogeriedepot.de/haarpflege-farben/haar-shampoo/head-shoulders-shampoo-derma-x-pro-sensitive-pflege-pr-077537/,"[""8700216496032""]",InStock,"[""retailer_exception""]",shampoos-recovery-evidence.json,Fresh exact offer at retailer outside the explicitly named set; user retailer decision required.
088b1427-ed22-424e-8cfd-ea2578120ae6,Head & Shoulders DERMAXPRO Shampoo Beruhigende Pflege,shampoo,True,verified_exact,ready_for_dry_run,4.95,4.95,0.0,,,250.0,ml,https://www.dm.de/p/d/1343250/head-und-shoulders-shampoo-derma-x-pro-beruhigende-pflege,"[""8700216328661""]","{""purchasable"": true, ""sellout"": false}",[],dm-final-matched-refresh.json,"Fresh official dm result matched selected DAN/GTIN, package and public price; purchasable=true."
e76e0ed4-bd20-40cd-84ae-e93030610d40,Langhaarmädchen Lovely Long,shampoo,True,needs_barcode_review,held,4.95,4.95,,,,300.0,ml,https://www.dm.de/p/d/1559584/langhaarmaedchen-shampoo-lovely-long,"[""4066447864694""]","{""purchasable"": true, ""sellout"": false}","[""needs_barcode_review""]",dm-final-matched-refresh.json,Primary dm PDP confirms the exact named package and price but current GTIN differs from catalog; hold barcode lineage.
1623a993-3ff4-43be-82c1-95a1ee57ec52,Langhaarmädchen Beautiful Curls Shampoo,shampoo,True,needs_barcode_review,held,4.95,4.95,,,,300.0,ml,https://www.dm.de/p/d/1678985/langhaarmaedchen-shampoo-beautiful-curls,"[""4070765004649""]","{""purchasable"": true, ""sellout"": false}","[""needs_barcode_review""]",dm-final-matched-refresh.json,Primary dm PDP confirms the exact named package and price but current GTIN differs from catalog; hold barcode lineage.
6dc65df2-2466-43e4-bdc2-3a05803f305c,Monday Haircare Volume Kraft & Fülle Shampoo,shampoo,True,verified_exact,needs_alignment,5.4,7.95,47.22,,,350,ml,https://www.hagel-shop.de/monday-haircare-volume-shampoo-350-ml.html,"[""4897097266343""]",http://schema.org/InStock,"[""price_change_over_30pct""]",retailer-final-price-refresh.json,"Live primary PDP Product/Offer markup and product fields verify matching GTIN, size, unconditional item price and InStock availability."
3d94c017-9edb-4ba0-accd-4772e262f012,Lavera Basis Sensitiv,shampoo,True,needs_barcode_review,held,4.95,,,,,,,,"[""4021457637416"", ""4021457649853"", ""4021457649976"", ""4021457650033"", ""4021457648412"", ""4021457638307"", ""4021457650064"", ""4021457664139"", ""4021457665501"", ""4021457638338"", ""4021457638369"", ""4021457645022"", ""4021457613700"", ""4021457638758"", ""4067796274509""]",not_verified,"[""needs_barcode_review""]",shampoos-evidence.json,Stored dm URL is dead and embeds a different GTIN; package/GTIN lineage requires review before selecting a replacement offer.
a7ff335a-7e81-4cf4-9c20-9209bff4386b,Neqi Moisture Mystery,shampoo,True,verified_exact,ready_for_dry_run,8.99,9.95,10.68,,,330.0,ml,https://www.dm.de/p/d/1455199/neqi-shampoo-moisture-mystery,"[""4063528078285""]","{""purchasable"": true, ""sellout"": false}",[],dm-final-matched-refresh.json,"Fresh official dm result matched selected DAN/GTIN, package and public price; purchasable=true."
64fb44d5-8701-46ab-bcba-f1747f071e48,Neqi Volume Victory,shampoo,True,verified_exact,ready_for_dry_run,9.95,9.95,0.0,,,330,ml,https://www.hagel-shop.de/neqi-volume-victory-shampoo-330-ml-12129028.html?___store=hagel_de,"[""4063528078377""]",http://schema.org/InStock,[],retailer-final-price-refresh.json,"Live primary PDP Product/Offer markup and product fields verify matching GTIN, size, unconditional item price and InStock availability."
3f3c7d89-9e7b-4e91-85f7-d3c58d304918,Biotin & Collagen Shampoo,shampoo,True,verified_exact,ready_for_dry_run,6.95,6.95,0.0,,,385.0,ml,https://www.dm.de/p/d/1443641/ogx-shampoo-thick-und-full-biotin-und-collagen,"[""3574661800202""]","{""purchasable"": true, ""sellout"": false}",[],dm-final-matched-refresh.json,"Fresh official dm result matched selected DAN/GTIN, package and public price; purchasable=true."
f033afbe-281a-419e-a245-3ad83d721bd0,Nivea Shampoo&Conditioner 2in1,shampoo,True,verified_exact,ready_for_dry_run,3.95,3.95,0.0,,,400.0,ml,https://www.dm.de/p/d/1620922/nivea-shampoo-und-conditioner-express-2in1,"[""4006000193991""]","{""purchasable"": true, ""sellout"": false}",[],dm-final-matched-refresh.json,"Fresh official dm result matched selected DAN/GTIN, package and public price; purchasable=true."
bef4f219-2c1f-4e02-8e3a-93056b95465a,Keratin Oil Shampoo,shampoo,True,verified_exact,ready_for_dry_run,5.99,6.99,16.69,,,385,ml,https://www.rossmann.de/de/pflege-und-duft-ogx-strength-und-length-keratin-oil-shampoo/p/3574661798448,"[""3574661798448""]",available,[],rossmann-final-browser-refresh.json,Oct 3 live exact Rossmann whole-pack offer and online delivery confirmed.
2ecd3c9d-90f6-45a3-a72c-daefed50be10,OGX Renewing + Argan Oil of Morocco Shampoo,shampoo,True,verified_exact,ready_for_dry_run,6.99,6.95,-0.57,,,385.0,ml,https://www.dm.de/p/d/1442074/ogx-shampoo-renewing-argan-oil-of-marocco,"[""3574661799438""]","{""purchasable"": true, ""sellout"": false}",[],dm-final-matched-refresh.json,"Fresh official dm result matched selected DAN/GTIN, package and public price; purchasable=true."
7b5ec424-d21f-4eb8-999e-7aed98e94b86,Rosemary Mint Shampoo,shampoo,True,verified_exact,ready_for_dry_run,7.99,7.99,0.0,,,385,ml,https://www.rossmann.de/de/pflege-und-duft-ogx-rosemary-mint-shampoo/p/3574661805931/,"[""3574661805931""]",available,[],rossmann-final-browser-refresh.json,Oct 3 live exact Rossmann whole-pack offer and online delivery confirmed.
5effc311-25d7-44dd-8c16-b93c182068d3,Pantene Anti Schuppen,shampoo,True,verified_exact,ready_for_dry_run,3.95,3.95,0.0,,,300.0,ml,https://www.dm.de/p/d/1561902/pantene-pro-v-shampoo-anti-schuppen-active-nutri-plex,"[""8700216558037""]","{""purchasable"": true, ""sellout"": false}",[],dm-final-matched-refresh.json,"Fresh official dm result matched selected DAN/GTIN, package and public price; purchasable=true."
7373656d-5fd7-46e8-81a3-2ef29e3c4c18,Pantene Grow Abundance,shampoo,True,verified_exact,ready_for_dry_run,7.95,7.99,0.5,,,290,ml,https://www.rossmann.de/de/pflege-und-duft-pantene-pro-v-haarshampoo-grow-abundant-anti-haarverlust/p/8006530060042,"[""8006530060042""]",available,[],rossmann-final-browser-refresh.json,Oct 3 live exact Rossmann whole-pack offer and online delivery confirmed.
fcbc469f-93c8-4be5-85db-e789b09189c7,Pantene Hydra Glow Shampoo,shampoo,True,verified_exact,ready_for_dry_run,3.95,3.95,0.0,,,250.0,ml,https://www.dm.de/p/d/1647567/pantene-pro-v-shampoo-miracles-hydra-glow,"[""8700216170345""]","{""purchasable"": true, ""sellout"": false}",[],dm-final-matched-refresh.json,"Fresh official dm result matched selected DAN/GTIN, package and public price; purchasable=true."
6fde3fe2-3850-4502-b9f2-ebb17eb13bad,Pantene Pro-V Volumen Pur,shampoo,True,verified_exact,ready_for_dry_run,4.99,3.95,-20.84,,,300.0,ml,https://www.dm.de/p/d/1561742/pantene-pro-v-shampoo-volumen-pur,"[""8700216558471""]","{""purchasable"": true, ""sellout"": false}",[],dm-final-matched-refresh.json,"Fresh official dm result matched selected DAN/GTIN, package and public price; purchasable=true."
03b847e5-01b9-40e5-950a-98efc73abb3a,Salthouse Anti Fett,shampoo,True,verified_exact,ready_for_dry_run,3.99,3.99,0.0,,,250,ml,https://www.rossmann.de/de/pflege-und-duft-salthouse-totes-meer-therapie-anti-fett-shampoo/p/4008890006467/,"[""4008890006467""]",available,[],rossmann-final-browser-refresh.json,Oct 3 live exact Rossmann whole-pack offer and online delivery confirmed.
1ef2be82-259c-4a1f-af2e-3ac3403f9731,Salthouse Anti Juckreiz,shampoo,True,verified_exact,ready_for_dry_run,3.99,3.95,-1.0,,,250.0,ml,https://www.dm.de/p/d/1585727/salthouse-shampoo-totes-meer-therapie-anti-juckreiz,"[""4008890006405""]","{""purchasable"": true, ""sellout"": false}",[],dm-final-matched-refresh.json,"Fresh official dm result matched selected DAN/GTIN, package and public price; purchasable=true."
261e5c9f-d312-4206-82da-fbd0ab6f3614,Salthouse Anti Schuppen,shampoo,True,verified_exact,ready_for_dry_run,3.99,3.95,-1.0,,,250.0,ml,https://www.dm.de/p/d/1477449/salthouse-shampoo-anti-schuppen-totes-meer,"[""4008890006429""]","{""purchasable"": true, ""sellout"": false}",[],dm-final-matched-refresh.json,"Fresh official dm result matched selected DAN/GTIN, package and public price; purchasable=true."
57bae8c8-0ebd-4722-b955-c760d8ffcdbb,Sante Glossy Shine,shampoo,True,verified_exact,ready_for_dry_run,3.95,3.95,0.0,,,250.0,ml,https://www.dm.de/p/d/1334046/sante-naturally-shampoo-glossy-shine,"[""4055297220262""]","{""purchasable"": true, ""sellout"": false}",[],dm-final-matched-refresh.json,"Fresh official dm result matched selected DAN/GTIN, package and public price; purchasable=true."
9d8d4709-4041-495e-98ee-e0261fa30e27,Schauma Anti Schuppen,shampoo,True,verified_exact,ready_for_dry_run,1.95,1.95,0.0,,,400.0,ml,https://www.dm.de/p/d/1588728/schauma-shampoo-anti-schuppen-classic,"[""4015100890730""]","{""purchasable"": true, ""sellout"": false}",[],dm-final-matched-refresh.json,"Fresh official dm result matched selected DAN/GTIN, package and public price; purchasable=true."
678119a0-9070-4faf-b9ed-7c0ac008767e,Sante Sensitive Care,shampoo,True,verified_exact,ready_for_dry_run,4.99,3.99,-20.04,,,250,ml,https://www.rossmann.de/de/pflege-und-duft-sante-sensitive-care-shampoo/p/4055297221467,"[""4055297221467""]",available,[],rossmann-final-browser-refresh.json,Oct 3 live exact Rossmann whole-pack offer and online delivery confirmed.
303b4c0c-53a4-46de-883d-c29e448ee590,Sebamed Anti Schuppen,shampoo,True,verified_exact,ready_for_dry_run,4.95,4.95,0.0,,,200.0,ml,https://www.dm.de/p/d/1023236/sebamed-shampoo-anti-schuppen,"[""4103040051691""]","{""purchasable"": true, ""sellout"": false}",[],dm-final-matched-refresh.json,"Fresh official dm result matched selected DAN/GTIN, package and public price; purchasable=true."
7e95671b-41a7-4f5c-9188-e535e46678ba,Sebamed Anti Schuppen Plus,shampoo,True,verified_exact,ready_for_dry_run,4.95,4.95,0.0,,,200.0,ml,https://www.dm.de/p/d/1585729/sebamed-shampoo-anti-schuppen-plus,"[""4103040051677""]","{""purchasable"": true, ""sellout"": false}",[],dm-final-matched-refresh.json,"Fresh official dm result matched selected DAN/GTIN, package and public price; purchasable=true."
51a0b647-2794-49a3-96e1-e7695432561e,Sebamed Urea 5%,shampoo,True,verified_exact,ready_for_dry_run,5.95,5.99,0.67,,,200,ml,https://www.rossmann.de/de/pflege-und-duft-sebamed-anti-juckreiz-akut-shampoo/p/4103040048448,"[""4103040048448""]",available,[],rossmann-final-browser-refresh.json,Oct 3 live exact Rossmann whole-pack offer and online delivery confirmed.
e7bfd306-b128-4735-a9f8-0eeacdbd5013,Sebamed Every-Day Shampoo,shampoo,True,verified_exact,ready_for_dry_run,3.99,3.95,-1.0,,,200.0,ml,https://www.dm.de/p/d/1005244/sebamed-shampoo-every-day,"[""4103040051752""]","{""purchasable"": true, ""sellout"": false}",[],dm-final-matched-refresh.json,"Fresh official dm result matched selected DAN/GTIN, package and public price; purchasable=true."
515de93c-1c77-465d-ae0d-2a8d6ddb3d73,Swiss-O-Par Teebaumöl,shampoo,True,verified_exact,ready_for_dry_run,2.45,2.45,0.0,,,250.0,ml,https://www.dm.de/p/d/1028618/swiss-o-par-shampoo-teebaumoel,"[""4104260076501""]","{""purchasable"": true, ""sellout"": false}",[],dm-final-matched-refresh.json,"Fresh official dm result matched selected DAN/GTIN, package and public price; purchasable=true."
4988d0c9-fc92-4bf2-aa5c-bcc7cd8c7946,Syoss Intense Curls,shampoo,True,verified_exact,ready_for_dry_run,4.99,3.99,-20.04,,,440,ml,https://www.rossmann.de/de/pflege-und-duft-syoss-shampoo-intense-curls/p/4015100860504,"[""4015100860504""]",available,[],rossmann-final-browser-refresh.json,Oct 3 live exact Rossmann whole-pack offer and online delivery confirmed.
0d68d56f-7e82-41d0-a2a8-bbf8f02e0b33,Wahre Schätze Sanfte Hafermilch,shampoo,True,verified_exact,ready_for_dry_run,2.29,1.95,-14.85,,,300,ml,https://www.mueller.de/p/garnier-wahre-schaetze-shampoo-sanfte-hafermilch-6535810325/,"[""3600542461658""]",Lieferung nach Hause; Lieferbar2-3Werktage,[],retailer-final-price-refresh.json,Fresh selected Müller product block300ml shows1.95EUR sale;JSONLD2.79isstale. Registered3600542461658 is still present.
7200bb0b-7463-433b-86c8-744f5c1431de,Wahre Schätze Aktivkohle,shampoo,True,verified_exact,ready_for_dry_run,2.75,2.75,0.0,,,300.0,ml,https://www.dm.de/p/d/1679240/wahre-schaetze-shampoo-aktivkohle-fettige-kopfhaut,"[""3600542512466""]","{""purchasable"": true, ""sellout"": false}",[],dm-final-matched-refresh.json,"Fresh official dm result matched selected DAN/GTIN, package and public price; purchasable=true."
286071ba-9c9a-4c60-979c-7e51df949fbf,Garnier Fructis Locken Methode Feuchtigkeits-Shampoo,shampoo,False,verified_exact,ready_for_dry_run,3.95,3.95,0.0,200,ml,200.0,ml,https://www.dm.de/p/d/1324798/garnier-fructis-shampoo-locken-methode-feuchtigkeit,"[""3600542571739""]","{""purchasable"": true, ""sellout"": false}",[],dm-final-matched-refresh.json,"Fresh official dm result matched selected DAN/GTIN, package and public price; purchasable=true."
4a45948b-53a6-48ac-9c02-20718c1d19c4,Being Big Hair Shampoo,shampoo,False,verified_exact,ready_for_dry_run,6.79,7.95,17.08,354,ml,354,ml,https://www.hagel-shop.de/being-big-hair-volumen-shampoo-354-ml-12133562.html?___store=hagel_de,"[""4895248005872""]",http://schema.org/InStock,[],retailer-final-price-refresh.json,"Live primary PDP Product/Offer markup and product fields verify matching GTIN, size, unconditional item price and InStock availability."
0017381a-84ba-46dd-9b6e-7ef457e8b5b4,Garnier Wahre Schätze Shampoo Honig Schätze,shampoo,False,verified_exact,ready_for_dry_run,3.45,3.45,0.0,400,ml,400.0,ml,https://www.dm.de/p/d/1670316/wahre-schaetze-shampoo-honig-schaetze,"[""3600542461030""]","{""purchasable"": true, ""sellout"": false}",[],dm-final-matched-refresh.json,"Fresh official dm result matched selected DAN/GTIN, package and public price; purchasable=true."
1e61a644-94b0-4356-ab55-f58572fa1e18,head&shoulders Anti-Schuppen Shampoo Classic Clean,shampoo,False,verified_exact,ready_for_dry_run,6.29,6.95,10.49,500,ml,500.0,ml,https://www.dm.de/p/d/1493055/head-und-shoulders-shampoo-anti-schuppen-classic-clean,"[""8001090896315""]","{""purchasable"": true, ""sellout"": false}",[],dm-final-matched-refresh.json,"Fresh official dm result matched selected DAN/GTIN, package and public price; purchasable=true."
2e887538-3b92-4344-9bbd-1761383ba4a6,Herbal Essences Shampoo Fiji,shampoo,False,verified_exact,ready_for_dry_run,3.95,3.95,0.0,350,ml,350.0,ml,https://www.dm.de/p/d/3130636/herbal-essences-shampoo-fiji,"[""8006530290012""]","{""purchasable"": true, ""sellout"": false}",[],dm-final-matched-refresh.json,"Fresh official dm result matched selected DAN/GTIN, package and public price; purchasable=true."
41b99629-5a1c-402f-a486-d41780e89e66,Herbal Essences Tiefenreinigung & Glanz Shampoo Limettenduft,shampoo,False,verified_exact,ready_for_dry_run,3.95,3.95,0.0,,,350.0,ml,https://www.dm.de/p/d/3115708/herbal-essences-shampoo-limettenduft-tiefenreinigung-und-glanz,"[""8006530123556""]","{""purchasable"": true, ""sellout"": false}",[],dm-final-matched-refresh.json,"Fresh official dm result matched selected DAN/GTIN, package and public price; purchasable=true."
22f95dcb-12de-4d62-b206-f03dbd6e94a0,ISANA Shampoo & Spülung 2 in 1 Volumen Malve & Acai,shampoo,False,verified_exact,ready_for_dry_run,0.65,0.65,0.0,300,ml,300,ml,https://www.rossmann.de/de/pflege-und-duft-isana-shampoo-und-spuelung-2in1-volumen/p/4305615566115/,"[""4305615566115""]",available,[],rossmann-final-browser-refresh.json,Oct 3 live exact Rossmann whole-pack offer and online delivery confirmed.
86f44889-b2c9-40a1-9190-58d7f738b6ca,ISANA Shampoo Sensitiv Baumwoll- & Kornblume,shampoo,False,verified_exact,ready_for_dry_run,0.65,0.65,0.0,300,ml,300,ml,https://www.rossmann.de/de/pflege-und-duft-isana-shampoo-sensitiv/p/4305615566184,"[""4305615566184""]",available,[],rossmann-final-browser-refresh.json,Oct 3 live exact Rossmann whole-pack offer and online delivery confirmed.
cc9318d2-13af-4c83-8b5e-7effb687c92f,L'Oréal Paris Elvital Hydra Hyaluronic 72H Feuchtigkeit-Auffüllendes Shampoo,shampoo,False,verified_exact,ready_for_dry_run,9.95,9.95,0.0,1000,ml,1000.0,ml,https://www.dm.de/p/d/1455496/l-oreal-paris-elvital-shampoo-hydra-hyaluronic-feuchtigkeitsspendend,"[""3600524099299""]","{""purchasable"": true, ""sellout"": false}",[],dm-final-matched-refresh.json,"Fresh official dm result matched selected DAN/GTIN, package and public price; purchasable=true."
88c230c5-1020-4648-a10e-c2a1e8c87e0e,Ultimate Shampoo,shampoo,False,verified_exact,ready_for_dry_run,6.99,6.95,-0.57,,,200.0,ml,https://www.dm.de/p/d/1346429/l-oreal-paris-elvital-shampoo-glycolic-gloss,"[""3600524128005""]","{""purchasable"": true, ""sellout"": false}",[],dm-final-matched-refresh.json,"Fresh official dm result matched selected DAN/GTIN, package and public price; purchasable=true."
0d341836-96b3-4364-9319-a7f0884b3da9,"Plantur Plantur 39 Phyto-Coffein-Shampoo für feines, brüchiges Haar",shampoo,False,verified_exact,ready_for_dry_run,9.95,9.95,0.0,250,ml,250.0,ml,https://www.dm.de/p/d/1158986/plantur-39-shampoo-phyto-coffein-feines-haar,"[""4008666705082""]","{""purchasable"": true, ""sellout"": false}",[],dm-final-matched-refresh.json,"Fresh official dm result matched selected DAN/GTIN, package and public price; purchasable=true."
eb99d805-20d4-4dbb-9651-17c9e954a769,NIVEA Power Repair Reparatur Shampoo,shampoo,False,verified_exact,ready_for_dry_run,2.95,2.95,0.0,250,ml,250.0,ml,https://www.dm.de/p/d/1620988/nivea-shampoo-power-repair,"[""4006000192543""]","{""purchasable"": true, ""sellout"": false}",[],dm-final-matched-refresh.json,"Fresh official dm result matched selected DAN/GTIN, package and public price; purchasable=true."
e859d6e0-e991-4081-84b5-b81862c82475,Schwarzkopf GLISS Sealing Miracle Versiegelndes Shampoo,shampoo,False,verified_exact,needs_alignment,3.49,4.99,42.98,200,ml,200,ml,https://www.rossmann.de/de/pflege-und-duft-gliss-sealing-shampoo-sealing-miracle/p/4015100895025/,"[""4015100895025""]",available,"[""price_change_over_30pct""]",rossmann-final-browser-refresh.json,Oct 3 live exact Rossmann whole-pack offer and online delivery confirmed.
e4e4fd05-33fd-4048-9553-76815bff5d43,schauma Shampoo Repair & Pflege,shampoo,False,verified_exact,ready_for_dry_run,1.95,1.95,0.0,400,ml,400.0,ml,https://www.dm.de/p/d/1588724/schauma-shampoo-repair-und-pflege,"[""4015100890372""]","{""purchasable"": true, ""sellout"": false}",[],dm-final-matched-refresh.json,"Fresh official dm result matched selected DAN/GTIN, package and public price; purchasable=true."
bb1b029f-a8fa-4276-8268-f6ce418128c7,Schwarzkopf GLISS Shampoo Total Repair,shampoo,False,verified_exact,ready_for_dry_run,2.95,2.95,0.0,250,ml,250.0,ml,https://www.dm.de/p/d/1430913/schwarzkopf-gliss-shampoo-total-repair,"[""4015100812435""]","{""purchasable"": true, ""sellout"": false}",[],dm-final-matched-refresh.json,"Fresh official dm result matched selected DAN/GTIN, package and public price; purchasable=true."
3405f33b-ae5f-4185-b72b-68c9a87f7c06,Schwarzkopf GLISS Shampoo Liquid Silk,shampoo,False,verified_exact,ready_for_dry_run,2.95,2.95,0.0,250,ml,250.0,ml,https://www.dm.de/p/d/1430803/schwarzkopf-gliss-shampoo-liquid-silk,"[""4015100813111""]","{""purchasable"": true, ""sellout"": false}",[],dm-final-matched-refresh.json,"Fresh official dm result matched selected DAN/GTIN, package and public price; purchasable=true."
b761256d-c0d2-4413-9fa5-8ab950ef69bf,Syoss Intense Fullness Shampoo,shampoo,False,verified_exact,ready_for_dry_run,4.49,3.99,-11.14,,,440,ml,https://www.rossmann.de/de/pflege-und-duft-syoss-shampoo-intense-fullness/p/4015100860429/,"[""4015100860429""]",available,[],rossmann-final-browser-refresh.json,Oct 3 live exact Rossmann whole-pack offer and online delivery confirmed.
f8a8fd56-aeb0-4096-8d9d-5af484e3889f,Syoss Intense Volume Shampoo,shampoo,False,verified_exact,ready_for_dry_run,3.95,3.95,0.0,,,440.0,ml,https://www.dm.de/p/d/3047032/syoss-shampoo-intense-volume,"[""4015100860481""]","{""purchasable"": true, ""sellout"": false}",[],dm-final-matched-refresh.json,"Fresh official dm result matched selected DAN/GTIN, package and public price; purchasable=true."
0ab645f9-d46d-4cf2-96a5-b5e00f74cae2,Syoss Shampoo Intense Keratin,shampoo,False,verified_exact,ready_for_dry_run,3.95,3.95,0.0,440,ml,440.0,ml,https://www.dm.de/p/d/3047030/syoss-shampoo-intense-keratin,"[""4015100860344""]","{""purchasable"": true, ""sellout"": false}",[],dm-final-matched-refresh.json,"Fresh official dm result matched selected DAN/GTIN, package and public price; purchasable=true."
79ce764e-7acf-48ba-b0be-c6d977a81cd0,Alverde Conditioner Glanz,conditioner,True,needs_barcode_review,held,1.35,,,,,200,ml,,"[""4066447919202""]",unavailable,"[""needs_barcode_review""]",conditioners-price-evidence.json,The current dm PDP has the same named 200 ml product but GTIN 4066447919202 conflicts with registered 4066447592085. Hold instead of replacing identity.
483b41d6-632c-4efe-9bcc-488c80bf5bb7,Balea Med Ultra Sensitive Conditioner,conditioner,True,verified_exact,ready_for_dry_run,1.75,1.75,0.0,,,250.0,ml,https://www.dm.de/p/d/1587731/balea-med-conditioner-ultra-sensitive,"[""4066447966022""]","{""purchasable"": true, ""sellout"": false}",[],dm-final-matched-refresh.json,"Fresh official dm result matched selected DAN/GTIN, package and public price; purchasable=true."
007a0b35-2372-4836-9aa5-fd089cd588d4,Balea Natural Beauty Hibiskus,conditioner,True,needs_barcode_review,held,1.45,,,,,350,ml,,"[""4058172926181""]",unavailable,"[""needs_barcode_review""]",conditioners-price-evidence.json,Current dm PDP has matching named variant/package but GTIN 4058172926181 conflicts with registered 4066447238952; hold for barcode review.
a6730d6f-df2f-4ebf-8013-eb39162f15df,Balea Professional Aqua Hyaluron Conditioner,conditioner,True,needs_barcode_review,held,1.25,1.25,,,,200.0,ml,https://www.dm.de/p/d/1675522/balea-professional-conditioner-aqua-hyaluron,"[""4070765001662""]","{""purchasable"": true, ""sellout"": false}","[""needs_barcode_review""]",dm-final-matched-refresh.json,"Current preferred dm offer has a different published GTIN. Same dm article number 1675522 and name/200 ml are evidence for a potential identifier transition, not authorization to replace the registered product. Hold all catalog/identifier writes for exact human identity review."
e7cde77e-e9d5-4976-a8ed-830c8a30c62a,Balea Professional Oil Repair Intensiv Spülung,conditioner,True,needs_barcode_review,held,1.25,1.25,,,,200.0,ml,https://www.dm.de/p/d/1703916/balea-professional-conditioner-oil-repair-intensiv,"[""4070765001402""]","{""purchasable"": true, ""sellout"": false}","[""needs_barcode_review""]",dm-final-matched-refresh.json,Preferred dm publishes new GTIN 4070765001402 versus registered 4066447365443. Name and 200 ml match; the barcode conflict prevents automatic offer promotion.
63239c38-5633-4062-9e8d-d528ee71502a,Bali Curls Moisturising Conditioner,conditioner,True,verified_exact,ready_for_dry_run,8.95,8.95,0.0,250,ml,250.0,ml,https://www.dm.de/p/d/3070316/bali-curls-conditioner-moisturising,"[""4262391990056""]","{""purchasable"": true, ""sellout"": false}",[],dm-final-matched-refresh.json,"Fresh official dm result matched selected DAN/GTIN, package and public price; purchasable=true."
d8ac8909-91a1-46b3-9fa6-2ff66b78fb66,Cantu Conditioner Cream,conditioner,True,verified_exact,ready_for_dry_run,6.95,6.95,0.0,,,400.0,ml,https://www.dm.de/p/d/1675021/cantu-conditioner-cream,"[""810006945478""]","{""purchasable"": true, ""sellout"": false}",[],dm-final-matched-refresh.json,"Fresh official dm result matched selected DAN/GTIN, package and public price; purchasable=true."
3901b2cf-6888-4363-9d5b-a695c0b3170b,Dejan Garz The Foundation Conditioner,conditioner,True,verified_exact,ready_for_dry_run,9.95,9.95,0.0,,,300.0,ml,https://www.dm.de/p/d/3063725/dejan-garz-conditioner-the-foundation,"[""4270004570113""]","{""purchasable"": true, ""sellout"": false}",[],dm-final-matched-refresh.json,"Fresh official dm result matched selected DAN/GTIN, package and public price; purchasable=true."
4c3e1a63-4696-406a-be67-f2aacc678b0c,Garnier Hair Food Macadamia,conditioner,True,needs_barcode_review,held,5.95,,,,,400,ml,,[],"Douglas candidate live in stock, but exact registered identity unresolved.","[""needs_barcode_review""]",care-last-unavailable-recovery.json,Same Douglas Macadamia candidate has conflicting INCI versus the dm identity; no GTIN published. Hold both catalog category records pending exact product/formula continuity review.
5516009a-eecb-42dd-87f6-07c560161136,Garnier Fructis Hair Food Aloe Vera Feuchtigkeits-Spülung,conditioner,True,verified_exact,ready_for_dry_run,3.99,3.99,0.0,400,ml,400,ml,https://www.rossmann.de/de/pflege-und-duft-garnier-fructis-feuchtigkeits-aloe-vera-hair-food-spuelung/p/3600542398022,"[""3600542398022""]",available,[],rossmann-final-browser-refresh.json,Oct 3 live exact Rossmann whole-pack offer and online delivery confirmed.
99de5b38-3e80-4360-889c-2505f46a7243,Garnier Wahre Schätze Argan-Mandelcreme Spülung,conditioner,True,verified_exact,ready_for_dry_run,2.49,2.49,0.0,,,200,ml,https://www.rossmann.de/de/pflege-und-duft-garnier-wahre-schaetze-reichhaltige-creme-spuelung-argan-mandelcreme/p/3600542462594,"[""3600542462594""]",available,[],rossmann-final-browser-refresh.json,Oct 3 live exact Rossmann whole-pack offer and online delivery confirmed.
8c3eda97-5009-40bb-959b-1a7d90f48b09,Garnier Wahre Schätze Kokosmilch & Macadamia Nährende Spülung,conditioner,True,verified_exact,ready_for_dry_run,2.49,2.49,0.0,200,ml,200,ml,https://www.rossmann.de/de/pflege-und-duft-garnier-wahre-schaetze-spuelung-kokosmilch-und-macadamia-normales-und-trockenes-haar/p/3600542462327,"[""3600542462327"", ""3600542462839""]",available,[],rossmann-final-browser-refresh.json,Oct 3 live exact Rossmann whole-pack offer and online delivery confirmed.
02113cc7-80c4-45a5-a56b-738ac96f4f02,Gliss Kur Aqua Revive Conditioner,conditioner,True,verified_exact,ready_for_dry_run,2.95,2.95,0.0,,,200.0,ml,https://www.dm.de/p/d/1430767/schwarzkopf-gliss-conditioner-aqua-revive,"[""4015100812336""]","{""purchasable"": true, ""sellout"": false}",[],dm-final-matched-refresh.json,"Fresh official dm result matched selected DAN/GTIN, package and public price; purchasable=true."
82f9dcba-0422-4932-a879-c2bec0113e55,Gliss Ultimate Repair Spülung,conditioner,True,verified_exact,ready_for_dry_run,2.99,2.99,0.0,,,200,ml,https://www.rossmann.de/de/pflege-und-duft-gliss-ultimate-repair-spuelung/p/4015100812237,"[""4015100812237""]",available,[],rossmann-final-browser-refresh.json,Oct 3 live exact Rossmann whole-pack offer and online delivery confirmed.
9f8da740-87b6-45e0-ab86-d77d63f2e22b,Guhl Bond+ Reparatur Spülung,conditioner,True,verified_exact,needs_alignment,5.99,5.99,0.0,,,200,ml,https://m.drogeriedepot.de/neue-produkte/guhl-conditioner-bond-reparatur-p-75039.html?active_tab=def&offset_def=96&offset_new=696,[],available,"[""retailer_exception""]",live-retailer-fetch-evidence.json,Indexed2.17 price rejected; live exact200ml page5.99.
11d42d9d-b8d8-42ae-a432-9a3d0f9d3504,Guhl Panthenol + Reparatur 2in1 Kur & Spülung,conditioner,True,verified_exact,needs_alignment,4.95,2.8,-43.43,,,200,ml,https://www.iwonatec.com/de/product/%21/guhl-2-in-1-hair-treatment-conditioner-with-panthenol-repair-200-ml,"[""4072600703403""]",In stock; live purchase control; 1–2 days.,"[""price_change_over_30pct"", ""retailer_exception""]",care-last-unavailable-recovery.json,"Exact original GTIN and 200 ml single-pack recovered from live German merchant PDP. Merchant outside named preferred/specialist set, so retain for parent/human retailer approval."
4506954b-128a-473c-866f-54a300ff23f4,Hair Biology Full & Shining Conditioner,conditioner,True,verified_exact,needs_alignment,4.99,5.24,5.01,,,160,ml,https://www.galaxus.de/de/s6/product/hair-biology-haarspuelung-full-shining-160-ml-160-ml-conditioner-13128066,"[""8001841216997""]",More than10 units in stock; delivery Wednesday2026-10-07; enabled single-unit purchase control.,"[""retailer_exception""]",care-last-unavailable-recovery.json,Live selected one-pack offer and embedded Product JSON-LD both confirm €5.24 and exact GTIN. Galaxus is outside named preferred/specialist set and requires retailer review.
b4bcb392-22a7-4642-bcdf-1949ca959f67,Hask Argan Oil Repairing Conditioner,conditioner,True,verified_exact,ready_for_dry_run,6.95,7.95,14.39,,,355,ml,https://www.hagel-shop.de/hask-argan-oil-repairing-conditioner-355-ml-5815313.html,[],http://schema.org/InStock,[],retailer-final-price-refresh.json,"The specialist PDP names the exact HASK Argan Oil Repairing Conditioner at 355 ml and shows a regular purchasable price; it does not display a barcode, so title/variant/package identity is the basis."
37c65daf-cc2e-44ba-a976-ac0239c11f7d,Hask Curl Care Conditioner,conditioner,True,verified_exact,ready_for_dry_run,6.95,7.95,14.39,,,355,ml,https://www.hagel-shop.de/hask-curl-care-detangling-conditioner-355-ml.html,"[""071164304211""]",http://schema.org/InStock,[],retailer-final-price-refresh.json,"Hagel concrete PDP confirms exact HASK Curl Care Detangling Conditioner: 355 ml, EAN 071164304211, 7,95 EUR, cart and 2-3 business-day delivery."
4e9428b9-8cc9-4db2-89b1-cb272aa9a4d6,Herbal Essences Aloe Vera Conditioner,conditioner,True,needs_barcode_review,held,3.95,,,,,250,ml,,"[""8700216210546""]",available,"[""needs_barcode_review""]",conditioners-price-evidence.json,Current dm PDP has matching named variant/package but GTIN 8700216210546 conflicts with registered 8700216211598; hold for barcode review.
7964b930-7e88-4f93-89d3-fa437f8e753c,Isana Professional Arganöl & Pflege Spülung,conditioner,True,verified_exact,ready_for_dry_run,1.29,1.29,0.0,,,200,ml,https://www.rossmann.de/de/pflege-und-duft-isana-professional-spuelung-arganoel-und-pflege/p/4305615624945,"[""4305615624945""]",available,[],rossmann-final-browser-refresh.json,Oct 3 live exact Rossmann whole-pack offer and online delivery confirmed.
e1ad37be-9330-49b4-8add-872a30324122,Jean&Len Conditioner Keratin/Mandel,conditioner,True,verified_exact,ready_for_dry_run,3.95,3.95,0.0,300,ml,300.0,ml,https://www.dm.de/p/d/1551254/jean-und-len-conditioner-repair-keratin-mandel,"[""4262500781575""]","{""purchasable"": true, ""sellout"": false}",[],dm-final-matched-refresh.json,"Fresh official dm result matched selected DAN/GTIN, package and public price; purchasable=true."
d0180955-c3a0-4f53-8744-fbeb2c241688,Anti-Haarverlust Spülung,conditioner,True,verified_exact,ready_for_dry_run,6.95,6.95,0.0,,,150.0,ml,https://www.dm.de/p/d/2976313/l-oreal-paris-elvital-conditioner-fiber-booster-anti-haarverlust,"[""3600524189983""]","{""purchasable"": true, ""sellout"": false}",[],dm-final-matched-refresh.json,"Fresh official dm result matched selected DAN/GTIN, package and public price; purchasable=true."
35d81c4a-dbb0-474b-a068-2e1562adb0a8,Langhaarmädchen Beautiful Curls Conditioner,conditioner,True,needs_barcode_review,held,4.95,4.95,,,,250.0,ml,https://www.dm.de/p/d/1678991/langhaarmaedchen-conditioner-beautiful-curls,"[""4067796150643""]","{""purchasable"": true, ""sellout"": false}","[""needs_barcode_review""]",dm-final-matched-refresh.json,"Fresh official dm result matched selected DAN/GTIN, package and public price; purchasable=true."
2a159694-6799-4be7-a0aa-572757c94801,Langhaarmädchen Lovely Long Conditioner,conditioner,True,verified_exact,ready_for_dry_run,4.95,4.95,0.0,,,250.0,ml,https://www.dm.de/p/d/1559585/langhaarmaedchen-conditioner-lovely-long,"[""4066447864717""]","{""purchasable"": true, ""sellout"": false}",[],dm-final-matched-refresh.json,"Fresh official dm result matched selected DAN/GTIN, package and public price; purchasable=true."
ffd37427-0cb6-4d6a-8b83-ea904bf2b1d7,Monday Moisture Conditioner,conditioner,True,verified_exact,ready_for_dry_run,5.75,5.75,0.0,,,354.0,ml,https://www.dm.de/p/d/1893701/monday-conditioner-moisture-feuchtigkeit,"[""4897097266404""]","{""purchasable"": true, ""sellout"": false}",[],dm-final-matched-refresh.json,"Fresh official dm result matched selected DAN/GTIN, package and public price; purchasable=true."
95e47992-b45b-4847-ba87-b8c3e608fc63,Neqi Moisture Mystery Conditioner,conditioner,True,verified_exact,ready_for_dry_run,8.99,9.95,10.68,,,250.0,ml,https://www.dm.de/p/d/1455201/neqi-conditioner-moisture-mystery,"[""4063528078315""]","{""purchasable"": true, ""sellout"": false}",[],dm-final-matched-refresh.json,"Fresh official dm result matched selected DAN/GTIN, package and public price; purchasable=true."
35ae622e-1458-42bf-a44d-1b23ecfd5516,Neqi Repair Reveal Conditioner,conditioner,True,verified_exact,ready_for_dry_run,9.95,9.95,0.0,,,250.0,ml,https://www.dm.de/p/d/1455210/neqi-conditioner-repair-reveal,"[""4063528078223""]","{""purchasable"": true, ""sellout"": false}",[],dm-final-matched-refresh.json,"Fresh official dm result matched selected DAN/GTIN, package and public price; purchasable=true."
952a4834-e451-4dc3-ba19-ebb8927eb5e4,Neqi Volume Victory Conditioner,conditioner,True,verified_exact,ready_for_dry_run,9.95,9.95,0.0,,,250,ml,https://neqi-hair.com/products/volume-victory-conditioner,[],enabled In den Warenkorb legen; brand minimum basket19.90EUR,[],final-visible-offer-adjudications.json,"Fresh brand selected250ml9.95EUR offer; minimum total basket19.90EUR is a retailer order condition, not the bottle price."
215522e5-95a6-469f-bc34-1fa74b311a23,Nivea Power Repair Conditioner,conditioner,True,verified_exact,ready_for_dry_run,2.95,2.95,0.0,,,200.0,ml,https://www.dm.de/p/d/1620990/nivea-conditioner-power-repair,"[""4006000192598""]","{""purchasable"": true, ""sellout"": false}",[],dm-final-matched-refresh.json,"Fresh official dm result matched selected DAN/GTIN, package and public price; purchasable=true."
26985fdd-1b41-46e3-9c9a-94b98f92310a,Nivea Volumen & Kraft,conditioner,True,not_verified,held,2.25,,,,,200,ml,,[],not_verified,"[""not_verified""]",care-offers-recovery-evidence.json,"No current acceptable German purchase offer for the registered conditioner was verified. Preferred shops mainly return Volume Wonder/Volumen & Kraft shampoo, which is a different product. Official NIVEA conditioner assortment lists five other products. Foreign exact-barcode candidate is stale and contradictory; live fetch redirects in a loop. Do not infer global discontinuation or replace with shampoo."
4fca59e5-fbc4-4132-a821-dac6ff0cdb68,OGX Biotin & Collagen Conditioner,conditioner,True,verified_exact,ready_for_dry_run,6.95,6.95,0.0,,,385.0,ml,https://www.dm.de/p/d/1443632/ogx-conditioner-thick-und-full-biotin-und-collagen,"[""3574661799506""]","{""purchasable"": true, ""sellout"": false}",[],dm-final-matched-refresh.json,"Fresh official dm result matched selected DAN/GTIN, package and public price; purchasable=true."
1bfa5b02-26d9-457b-a5e6-445cc2284490,OGX Bond Protein Repair Conditioner,conditioner,True,verified_exact,ready_for_dry_run,6.95,6.95,0.0,,,385.0,ml,https://www.dm.de/p/d/3068101/ogx-conditioner-bond-protein-repair,"[""3574661818467""]","{""purchasable"": true, ""sellout"": false}",[],dm-final-matched-refresh.json,"Fresh official dm result matched selected DAN/GTIN, package and public price; purchasable=true."
c2d7eb89-9a2e-4476-bb89-c0f33a2aa501,OGX Renewing Argan Oil of Morocco Conditioner,conditioner,True,verified_exact,ready_for_dry_run,6.95,6.95,0.0,,,385.0,ml,https://www.dm.de/p/d/1442294/ogx-conditioner-renewing-argan-oil-of-marocco,"[""3574661799162""]","{""purchasable"": true, ""sellout"": false}",[],dm-final-matched-refresh.json,"Fresh official dm result matched selected DAN/GTIN, package and public price; purchasable=true."
71d9bccb-74c7-499c-b5de-13ceef57ecde,Pantene Pro-V Miracles Bond Repair Conditioner,conditioner,True,verified_exact,ready_for_dry_run,5.95,5.95,0.0,,,160,ml,https://www.mueller.de/p/pantene-pro-v-miracles-molecular-bond-repair-pflegespuelung-IPN2964988/,"[""8700216151535""]",https://schema.org/InStock,[],retailer-final-price-refresh.json,"Exact original GTIN in live Product structured data, same160ml package in hydrated purchase UI."
98d08c22-97d2-4e06-872f-9f9447530452,Pantene Pro-V Miracles Hydra Glow Conditioner,conditioner,True,verified_exact,ready_for_dry_run,3.95,3.95,0.0,,,160.0,ml,https://www.dm.de/p/d/1647565/pantene-pro-v-conditioner-miracles-hydra-glow,"[""8700216151412""]","{""purchasable"": true, ""sellout"": false}",[],dm-final-matched-refresh.json,"Fresh official dm result matched selected DAN/GTIN, package and public price; purchasable=true."
970aff48-a7a7-46e8-bad5-4f0600631329,Pomélo+Co Molecular Repair Conditioner,conditioner,True,verified_exact,ready_for_dry_run,9.95,9.95,0.0,,,200.0,ml,https://www.dm.de/p/d/2971600/pomelo-co-conditioner-molecular-repair,"[""4260625262832""]","{""purchasable"": true, ""sellout"": false}",[],dm-final-matched-refresh.json,"Fresh official dm result matched selected DAN/GTIN, package and public price; purchasable=true."
25931499-63ac-4076-b88c-8c23a38f0fa5,Pomélo+Co Shine Therapy Conditioner,conditioner,True,verified_exact,ready_for_dry_run,8.99,9.95,10.68,,,200.0,ml,https://www.dm.de/p/d/3110568/pomelo-co-conditioner-shine-therapy,"[""4260625261989""]","{""purchasable"": true, ""sellout"": false}",[],dm-final-matched-refresh.json,"Fresh official dm result matched selected DAN/GTIN, package and public price; purchasable=true."
01b11043-5c87-43d2-95b5-f1cabd845423,SANTE Deep Repair Conditioner,conditioner,True,verified_exact,ready_for_dry_run,3.95,3.95,0.0,,,150,ml,https://www.mueller.de/p/sante-deep-repair-conditioner-IPN2994111/,"[""4055297220088""]",https://schema.org/InStock,[],retailer-final-price-refresh.json,ExactGTIN150ml preferred Müller live offer; brand-direct also recovered as exact alternate.
d2bb79a8-add1-4b74-9d4f-c03449175147,Sante Intense Hydration Conditioner,conditioner,True,verified_exact,ready_for_dry_run,3.95,3.95,0.0,,,150.0,ml,https://www.dm.de/p/d/1334054/sante-naturally-conditioner-intense-hydration,"[""4055297220866""]","{""purchasable"": true, ""sellout"": false}",[],dm-final-matched-refresh.json,"Fresh official dm result matched selected DAN/GTIN, package and public price; purchasable=true."
a62ae91c-69c6-466e-827e-350f518d73b5,Syoss Intense Curls Conditioner,conditioner,True,verified_exact,ready_for_dry_run,3.99,3.99,0.0,,,250,ml,https://www.rossmann.de/de/pflege-und-duft-syoss-tiefenspuelung-intense-curls/p/4015100860887,"[""4015100860887""]",available,[],rossmann-final-browser-refresh.json,Oct 3 live exact Rossmann whole-pack offer and online delivery confirmed.
ed382d40-6166-4d39-be2d-eab5a24793a6,Syoss Intense Keratin Conditioner,conditioner,True,verified_exact,ready_for_dry_run,3.95,3.95,0.0,,,250.0,ml,https://www.dm.de/p/d/3047026/syoss-conditioner-intense-keratin,"[""4015100860467""]","{""purchasable"": true, ""sellout"": false}",[],dm-final-matched-refresh.json,"Fresh official dm result matched selected DAN/GTIN, package and public price; purchasable=true."
07058418-0a6a-4fda-89a2-4c263f09c5c9,alverde NATURKOSMETIK Conditioner Feuchtigkeit,conditioner,False,verified_exact,ready_for_dry_run,1.25,1.25,0.0,200,ml,200.0,ml,https://www.dm.de/p/d/1704296/alverde-naturkosmetik-conditioner-feuchtigkeit,"[""4066447919028""]","{""purchasable"": true, ""sellout"": false}",[],dm-final-matched-refresh.json,"Fresh official dm result matched selected DAN/GTIN, package and public price; purchasable=true."
838884a1-5586-4c7f-9294-7c9606a4ef1d,alverde NATURKOSMETIK Conditioner Nutri Care,conditioner,False,verified_exact,ready_for_dry_run,1.25,1.25,0.0,200,ml,200.0,ml,https://www.dm.de/p/d/3114892/alverde-naturkosmetik-conditioner-nutri-care,"[""4066447975321""]","{""purchasable"": true, ""sellout"": false}",[],dm-final-matched-refresh.json,"Fresh official dm result matched selected DAN/GTIN, package and public price; purchasable=true."
ee4aab21-5696-4286-aad1-7811b997dd30,Aussie Conditioner Bouncy Curls,conditioner,False,verified_exact,ready_for_dry_run,4.95,4.95,0.0,200,ml,200.0,ml,https://www.dm.de/p/d/3135994/aussie-conditioner-bouncy-curls,"[""8006530325448""]","{""purchasable"": true, ""sellout"": false}",[],dm-final-matched-refresh.json,"Fresh official dm result matched selected DAN/GTIN, package and public price; purchasable=true."
8182ee3f-cfe9-4a31-8b2f-a6a52c7e7abe,Bali Curls Moisturising Conditioner 75 ml,conditioner,False,verified_exact,ready_for_dry_run,3.75,3.95,5.33,,,75,ml,https://www.mueller.de/p/bali-curls-moisturising-conditioner-reisegroesse-75ml-PPN3184965/,[],available,[],retailer-final-price-refresh.json,Primary commercial page identifies the exact named variant and package; no conflicting barcode or package evidence was found.
109acbf6-51c5-42fc-8982-7a55b5ad2200,Being Bye Bye Frizz Conditioner,conditioner,False,verified_exact,ready_for_dry_run,6.79,6.75,-0.59,354,ml,354.0,ml,https://www.dm.de/p/d/3118441/being-conditioner-bye-bye-frizz,"[""4895248005933""]","{""purchasable"": true, ""sellout"": false}",[],dm-final-matched-refresh.json,"Fresh official dm result matched selected DAN/GTIN, package and public price; purchasable=true."
cfeab4b2-fdd6-4348-bf2b-aca58e686869,Being Curl Power Locken Conditioner,conditioner,False,verified_exact,ready_for_dry_run,6.79,6.79,0.0,354,ml,354,ml,https://www.rossmann.de/de/pflege-und-duft-being-curl-power-locken-conditioner/p/4895248005940,"[""4895248005940""]",available,[],rossmann-final-browser-refresh.json,Oct 3 live exact Rossmann whole-pack offer and online delivery confirmed.
262de7f7-71d1-4a60-a5f4-1a91debdbf12,Garnier Fructis Conditioner Locken Methode Feuchtigkeit,conditioner,False,verified_exact,ready_for_dry_run,3.95,3.95,0.0,200,ml,200.0,ml,https://www.dm.de/p/d/3115735/garnier-fructis-conditioner-locken-methode-feuchtigkeit,"[""3600542656924""]","{""purchasable"": true, ""sellout"": false}",[],dm-final-matched-refresh.json,"Fresh official dm result matched selected DAN/GTIN, package and public price; purchasable=true."
314d9881-4fcc-47b5-81e1-58e41779081e,Garnier Wahre Schätze Conditioner Traube Hydraboost,conditioner,False,needs_package_decision,held,2.75,,,250,ml,200,ml,,[],available,"[""needs_package_decision""]",conditioners-price-evidence.json,"Current Douglas offer is the exact Traube Hydraboost conditioner at 200 ml/2,89 EUR, while the catalog base is 250 ml. Hold the changed package pending an explicit package decision."
57848cf2-6113-4aa4-af9f-2f980ccc5850,Herbal Essences Conditioner Fiji mit Kokosnussextrakt,conditioner,False,verified_exact,ready_for_dry_run,3.95,3.95,0.0,250,ml,250.0,ml,https://www.dm.de/p/d/3131494/herbal-essences-conditioner-fiji-mit-kokosnussextrakt,"[""8006530290005""]","{""purchasable"": true, ""sellout"": false}",[],dm-final-matched-refresh.json,"Fresh official dm result matched selected DAN/GTIN, package and public price; purchasable=true."
240c4e9d-d417-42ce-b8b6-d1cc005eed26,"Herbal Essences Conditioner Limettenduft, Tiefenreinigung & Glanz",conditioner,False,verified_exact,ready_for_dry_run,3.95,3.95,0.0,250,ml,250.0,ml,https://www.dm.de/p/d/3115709/herbal-essences-conditioner-limettenduft-tiefenreinigung-und-glanz,"[""8006530123433""]","{""purchasable"": true, ""sellout"": false}",[],dm-final-matched-refresh.json,"Fresh official dm result matched selected DAN/GTIN, package and public price; purchasable=true."
d81e8069-82aa-4ac4-a719-4614640a45df,ISANA Spülung Feuchtigkeit,conditioner,False,verified_exact,ready_for_dry_run,0.65,0.65,0.0,300,ml,300,ml,https://www.rossmann.de/de/pflege-und-duft-isana-spuelung-feuchtigkeit/p/4068134071149,"[""4068134071149""]",available,[],rossmann-final-browser-refresh.json,Oct 3 live exact Rossmann whole-pack offer and online delivery confirmed.
0585c8b1-159b-43d3-8432-a91b9973c7b6,ISANA Spülung Oil Repair Marulaöl,conditioner,False,verified_exact,ready_for_dry_run,0.65,0.65,0.0,300,ml,300,ml,https://www.rossmann.de/de/pflege-und-duft-isana-spuelung-oil-repair-marulaoel/p/4068134071125,"[""4068134071125""]",available,[],rossmann-final-browser-refresh.json,Oct 3 live exact Rossmann whole-pack offer and online delivery confirmed.
2be1a34f-5c80-4b14-a0f5-b56bebe861a8,ISANA Spülung Seidenglanz,conditioner,False,verified_exact,ready_for_dry_run,0.65,0.65,0.0,300,ml,300,ml,https://www.rossmann.de/de/pflege-und-duft-isana-spuelung-seidenglanz/p/4305615566207,"[""4305615566207""]",available,[],rossmann-final-browser-refresh.json,Oct 3 live exact Rossmann whole-pack offer and online delivery confirmed.
4c9bde95-3594-4ce7-bb02-29394ab7ed08,ISANA PROFESSIONAL Plex Spülung,conditioner,False,verified_exact,ready_for_dry_run,1.99,1.99,0.0,250,ml,250,ml,https://www.rossmann.de/de/pflege-und-duft-isana-professional-professional-pley-spuelung-250ml/p/4305615975924,"[""4305615975924""]",available,[],rossmann-final-browser-refresh.json,Oct 3 live exact Rossmann whole-pack offer and online delivery confirmed.
d6cde507-1c34-4dea-8239-abd097d50818,ISANA PROFESSIONAL Spülung Keratin & Repair,conditioner,False,verified_exact,ready_for_dry_run,1.29,1.29,0.0,200,ml,200,ml,https://www.rossmann.de/de/pflege-und-duft-isana-professional-isana-professional-spuelung-keratin-und-repair/p/4305615830957,"[""4305615830957""]",available,[],rossmann-final-browser-refresh.json,Oct 3 live exact Rossmann whole-pack offer and online delivery confirmed.
90e10088-8226-4e07-b197-3eab6b61d7a2,ISANA PROFESSIONAL Spülung Locken Traum,conditioner,False,verified_exact,ready_for_dry_run,1.29,1.29,0.0,200,ml,200,ml,https://www.rossmann.de/de/pflege-und-duft-isana-professional-professional-spuelung-locken-traum-200-ml-l/p/4305615846958,"[""4305615846958""]",available,[],rossmann-final-browser-refresh.json,Oct 3 live exact Rossmann whole-pack offer and online delivery confirmed.
4f67cb6d-4b28-490b-9817-e8fc8e91b010,Jean&Len Colorglow Granatapfel Rose Conditioner,conditioner,False,verified_exact,ready_for_dry_run,4.29,3.95,-7.93,,,300.0,ml,https://www.dm.de/p/d/3086487/jean-und-len-conditioner-colorglow-granatapfel-rose,"[""4262401738883""]","{""purchasable"": true, ""sellout"": false}",[],dm-final-matched-refresh.json,"Fresh official dm result matched selected DAN/GTIN, package and public price; purchasable=true."
fd1792c0-8f8c-40b0-960d-27ac21470bb8,Jean&Len Conditioner Hydration Pfirsich Chia,conditioner,False,verified_exact,ready_for_dry_run,3.95,3.95,0.0,300,ml,300.0,ml,https://www.dm.de/p/d/3100946/jean-und-len-conditioner-hydration-pfirsich-chia,"[""4262401738906""]","{""purchasable"": true, ""sellout"": false}",[],dm-final-matched-refresh.json,"Fresh official dm result matched selected DAN/GTIN, package and public price; purchasable=true."
62ff4f08-3ff2-49f3-9e93-e6fd0f395a4d,John Frieda Frizz Ease Wunder-Reparatur Conditioner,conditioner,False,verified_exact,ready_for_dry_run,9.99,9.95,-0.4,,,250.0,ml,https://www.dm.de/p/d/3123413/john-frieda-conditioner-frizz-ease-wunder-reparatur,"[""5037156298697""]","{""purchasable"": true, ""sellout"": false}",[],dm-final-matched-refresh.json,"Fresh official dm result matched selected DAN/GTIN, package and public price; purchasable=true."
169be6d1-bd8c-4902-ba1d-3db349cb4854,John Frieda Go Blonder Conditioner,conditioner,False,verified_exact,ready_for_dry_run,14.39,17.99,25.02,500,ml,500,ml,https://www.rossmann.de/de/pflege-und-duft-john-frieda-go-blonder-go-blonder-conditioner/p/5037156296204,"[""5037156296204""]",available,[],rossmann-final-browser-refresh.json,Oct 3 live exact Rossmann whole-pack offer and online delivery confirmed.
f069970e-12fb-48c6-ac8e-51f50dc46c31,"L'Oréal Paris Elvital Conditioner Hydra Hyaluronic, feuchtigkeitsversiegelnd",conditioner,False,verified_exact,ready_for_dry_run,3.45,3.45,0.0,200,ml,200,ml,https://www.dm.de/p/d/3044952/l-oreal-paris-elvital-conditioner-hydra-hyaluronic-feuchtigkeitsversiegelnd,"[""3600524142384""]","{""purchasable"": true, ""sellout"": false}",[],dm-final-matched-refresh.json,"Fresh official dm result matched selected DAN/GTIN, package and public price; purchasable=true."
cd00a357-413f-41f4-aa68-2e451661f1dd,Langhaarmädchen Conditioner Intense Repair,conditioner,False,verified_exact,ready_for_dry_run,4.95,4.95,0.0,250,ml,250.0,ml,https://www.dm.de/p/d/1539684/langhaarmaedchen-conditioner-intense-repair,"[""4070765004588""]","{""purchasable"": true, ""sellout"": false}",[],dm-final-matched-refresh.json,"Fresh official dm result matched selected DAN/GTIN, package and public price; purchasable=true."
5f4f1300-bc15-4ce0-9ed8-035feb606bde,Neqi Diamond Glass Conditioner,conditioner,False,verified_exact,ready_for_dry_run,12.95,12.95,0.0,,,250.0,ml,https://www.dm.de/p/d/3101240/neqi-conditioner-diamond-glass,"[""4063528097613""]","{""purchasable"": true, ""sellout"": false}",[],dm-final-matched-refresh.json,"Fresh official dm result matched selected DAN/GTIN, package and public price; purchasable=true."
f042a36c-88d5-41ae-87fe-a816ea608bc6,Nivea Hairmilk Shine Glanzspülung,conditioner,False,verified_exact,ready_for_dry_run,2.49,2.99,20.08,200,ml,200,ml,https://www.rossmann.de/de/pflege-und-duft-nivea-hairmilk-shine-glanzspuelung/p/4006000192673,[],available,[],rossmann-final-browser-refresh.json,Oct 3 live exact Rossmann whole-pack offer and online delivery confirmed.
8686e8b6-3b9b-4770-b0f0-c8d9f5eb3a59,OGX Conditioner Coconut Miracle Oil,conditioner,False,verified_exact,ready_for_dry_run,6.95,6.95,0.0,385,ml,385.0,ml,https://www.dm.de/p/d/2201293/ogx-conditioner-coconut-miracle-oil,"[""22796972217""]","{""purchasable"": true, ""sellout"": false}",[],dm-final-matched-refresh.json,"Fresh official dm result matched selected DAN/GTIN, package and public price; purchasable=true."
931892fb-cc29-4e50-b402-6aae0a494389,Pantene Pro-V Moisture Boost Pflegespülung,conditioner,False,verified_exact,ready_for_dry_run,8.95,8.95,0.0,,,200,ml,https://www.mueller.de/p/pantene-pro-v-moisture-boost-pflegespuelung-PPN3150289/,"[""8700216939140""]",https://schema.org/InStock,[],retailer-final-price-refresh.json,"Müller JSON-LD gives exact registered GTIN 8700216939140, EUR 8,95 and InStock; current product identity agrees with the 200 ml brand material."
f7144789-8302-42b1-a5b1-e761402c1b7c,Pantene Pro-V Conditioner Grow Abundant,conditioner,False,verified_exact,ready_for_dry_run,7.95,7.99,0.5,250,ml,250,ml,https://www.rossmann.de/de/pflege-und-duft-pantene-pro-v-grow-abundant-anti-haarverlust-spuelung/p/8006530059299,"[""8006530059299""]","available; delivery Oct 6-7, enabled cart",[],final-preferred-browser-recovery.json,Preferred dm selected PDP not available; exact next-preferred Rossmann offer recovered.
2781bccb-4a3f-4ffe-aa2f-f32f7b820c03,Pantene Pro-V Conditioner Repair & Care,conditioner,False,verified_exact,ready_for_dry_run,3.95,3.95,0.0,200,ml,200.0,ml,https://www.dm.de/p/d/1554190/pantene-pro-v-conditioner-repair-und-care,"[""8700216422116""]","{""purchasable"": true, ""sellout"": false}",[],dm-final-matched-refresh.json,"Fresh official dm result matched selected DAN/GTIN, package and public price; purchasable=true."
7fb31d10-ff21-410b-9dc2-2d1ad34b9130,Schwarzkopf GLISS Liquid Silk Spülung,conditioner,False,verified_exact,ready_for_dry_run,2.99,2.95,-1.34,,,200.0,ml,https://www.dm.de/p/d/1430911/schwarzkopf-gliss-conditioner-liquid-silk,"[""4015100812350""]","{""purchasable"": true, ""sellout"": false}",[],dm-final-matched-refresh.json,"Fresh official dm result matched selected DAN/GTIN, package and public price; purchasable=true."
1adb5c17-fca0-4967-a199-756d500b0104,Schwarzkopf Gliss Conditioner Total Repair,conditioner,False,verified_exact,ready_for_dry_run,2.95,2.95,0.0,200,ml,200.0,ml,https://www.dm.de/p/d/1430910/schwarzkopf-gliss-conditioner-total-repair,"[""4015100812275""]","{""purchasable"": true, ""sellout"": false}",[],dm-final-matched-refresh.json,"Fresh official dm result matched selected DAN/GTIN, package and public price; purchasable=true."
9f1ee875-95a2-4ab0-8bc5-23d1f12bd6f9,Syoss Tiefenspülung Intense Repair,conditioner,False,verified_exact,ready_for_dry_run,3.49,3.95,13.18,250,ml,250.0,ml,https://www.dm.de/p/d/3047027/syoss-conditioner-intense-repair,"[""4015100860986""]","{""purchasable"": true, ""sellout"": false}",[],dm-final-matched-refresh.json,"Fresh official dm result matched selected DAN/GTIN, package and public price; purchasable=true."
f8a63590-9d80-454a-8008-e2a56321e64c,Epres Bond Repair Treatment,bondbuilder,True,needs_package_decision,held,48,48,,,,,,https://epres-hair.de/artikeldetails/CONSUMERKIT.aspx,[],True,"[""needs_package_decision""]",final-preferred-source-fetch.json,Official starter kit48EUR contains spray bottle plus2x15mlconcentrate. Retain whole starter kit as base offer; decide exact kit display/storage before filling missing numeric net content.29EURwas shipping threshold;150mlmixedsolution is not sold content.
38dace91-0fba-49ee-a93f-ac36e488fe4b,K18 Leave-In Molecular Repair Hair Mask,bondbuilder,True,verified_exact,ready_for_dry_run,56.25,56.25,0.0,50,ml,50,ml,https://www.flaconi.de/haare/k18/leave-in-molecular/k18-leave-in-molecular-repair-hair-mask-haarkur.html?variant=80074805-50,"[""858511001128""]",50ml selected; Auf Lager; enabled cart; delivery Oct7-8,[],high-end-final-browser-refresh.json,Flaconi selected50ml56.25EUR;75EURisUVP. OptionalMYSTERYcoupon excluded.
3dc24d67-e6c0-4239-a273-058a87d13553,OLAPLEX No.3PLUS Complete Repair Treatment,bondbuilder,True,verified_exact,ready_for_dry_run,34,34,0.0,,,100,ml,https://olaplex.de/products/original-olaplex-n-3plus-complete-repair-treatment,"[""810177860273""]",http://schema.org/InStock,[],retailer-final-price-refresh.json,"Exact current product, package, price, availability, and registered GTIN are corroborated by the cited German/official retailer evidence."
1568b623-f411-4ed6-a89f-e797bb1b48f5,Alterra Intensiv Repair Haarmaske Feuchtigkeit,mask,True,not_verified,held,2.79,,,,,20,ml,https://www.rossmann.de/de/pflege-und-duft-alterra-haarmaske/p/4068134014122,[],store_only,"[""not_verified""]",rossmann-final-browser-refresh.json,Oct 3 final selected offer refresh; unavailable/store-only controls are not eligible online offers.
d5d67009-7aac-4299-938b-7218b8635a0c,Balea 3 in 1 Intensivmaske,mask,True,verified_exact,ready_for_dry_run,1.95,1.95,0.0,,,300.0,ml,https://www.dm.de/p/d/1671219/balea-haarmaske-intensivpflege-3in1,"[""4066447982817""]","{""purchasable"": true, ""sellout"": false}",[],dm-final-matched-refresh.json,"Fresh official dm result matched selected DAN/GTIN, package and public price; purchasable=true."
29fc985e-3b7e-4567-b7bc-b416583139fe,Balea Haarkur reparierend,mask,True,verified_exact,ready_for_dry_run,2.45,2.45,0.0,,,300.0,ml,https://www.dm.de/p/d/1674120/balea-haarkur-reparierend-beauty-essentials,"[""4070765053357""]","{""purchasable"": true, ""sellout"": false}",[],dm-final-matched-refresh.json,"Fresh official dm result matched selected DAN/GTIN, package and public price; purchasable=true."
f212a8ff-0a03-404a-aad5-773d5bb6f7c9,Balea Natural Beauty 3in1 Locken,mask,True,unavailable_verified,held,2.45,2.45,,,,250,ml,https://www.dm.de/p/d/1457506/balea-haarmaske-3in1-natural-beauty-locken,"[""4066447704709""]",False,"[""unavailable_verified""]",masks_treatments-commercial-evidence.json,"The exact current German dm product, package, price, and GTIN are observed, but it is not currently deliverable. Catalog has no registered GTIN; retain catalog identifiers and do not make an identifier change from this evidence."
1f3920fe-c91e-4298-a40e-99dccd13ea30,Balea Professional Glow & Shine,mask,True,needs_barcode_review,held,2.75,2.75,,,,200,ml,https://www.dm.de/p/d/3050111/balea-professional-haarkur-glow-und-shine,"[""4066447883039""]",True,"[""needs_barcode_review""]",masks_treatments-commercial-evidence.json,Current exact-name/package dm offer has different observed GTIN 4066447883039; do not replace the catalog identifier without review.
9d7141bf-bb7e-41e8-a206-38ee5c42fdc6,Balea Professional Plex Care 2in1,mask,True,verified_exact,ready_for_dry_run,2.75,2.75,0.0,,,250.0,ml,https://www.dm.de/p/d/1690411/balea-professional-haarmaske-2in1-plex-care,"[""4070765006346""]","{""purchasable"": true, ""sellout"": false}",[],dm-final-matched-refresh.json,"Fresh official dm result matched selected DAN/GTIN, package and public price; purchasable=true."
55727898-2a5e-4f01-ace1-bd91521d98ab,Balea Aqua Hyaluron 3 in 1,mask,True,unavailable_verified,held,2.75,2.75,,,,150,ml,https://www.dm.de/p/d/1417521/balea-professional-haarmaske-3in1-aqua-hyaluron,"[""4066447668315""]",unavailable,"[""unavailable_verified""]",dm-final-browser-refresh.json,"Exact dm PDP price and identity confirmed, but purchase disabled and Nicht lieferbar after hydration. Do not publish as an available offer."
d0e4bc78-2aeb-4e88-8abf-08aa28fbfba4,Bali Curls Deep Repair Mask,mask,True,verified_exact,ready_for_dry_run,8.95,8.95,0.0,,,200.0,ml,https://www.dm.de/p/d/3106327/bali-curls-haarmaske-deep-repair,"[""4262391990001""]","{""purchasable"": true, ""sellout"": false}",[],dm-final-matched-refresh.json,"Fresh official dm result matched selected DAN/GTIN, package and public price; purchasable=true."
43232fe6-28b6-4f45-a09f-b1354e47b0be,Bali Curls SOS Protein Treatment,mask,True,verified_exact,ready_for_dry_run,2.79,2.75,-1.43,,,20.0,ml,https://www.dm.de/p/d/3122257/bali-curls-haarkur-total-repair-sos-protein-treatment,"[""4262391991114""]","{""purchasable"": true, ""sellout"": false}",[],dm-final-matched-refresh.json,"Fresh official dm result matched selected DAN/GTIN, package and public price; purchasable=true."
52264c47-f339-49db-9fb2-207d1ad3b470,Fructis Hair Food Aloe Vera,mask,True,verified_exact,ready_for_dry_run,5.95,5.95,0.0,,,400.0,ml,https://www.dm.de/p/d/1676340/garnier-fructis-haarmaske-aloe-vera-hair-food-3in1-trockenes-haar,"[""3600542511049""]","{""purchasable"": true, ""sellout"": false}",[],dm-final-matched-refresh.json,"Fresh official dm result matched selected DAN/GTIN, package and public price; purchasable=true."
9e1442c9-4ab8-4819-a851-66859a98ed80,Fructis Hair Food Papaya,mask,True,verified_exact,ready_for_dry_run,5.95,5.95,0.0,,,400.0,ml,https://www.dm.de/p/d/1676330/garnier-fructis-haarkur-papaya-hair-food-3in1-maske,"[""3600542511100""]","{""purchasable"": true, ""sellout"": false}",[],dm-final-matched-refresh.json,"Fresh official dm result matched selected DAN/GTIN, package and public price; purchasable=true."
17c50884-3c17-479a-848a-10447464e086,Garnier Wahre Schätze Haarmaske Aktivkohle,mask,True,unavailable_verified,held,4.95,4.95,,,,340,ml,https://www.dm.de/p/d/1679241/wahre-schaetze-haarkur-1-minute-aktivkohle-fettige-kopfhaut,"[""3600542510271""]",Nicht lieferbar; add-to-cart disabled; no dm-market availability displayed.,"[""unavailable_verified""]",masks-live-corrections.json,proposed_3_eur_not_qualifying_online_offer
7a1d7fe1-3240-4d6d-9c92-96a4bcf46ea9,Gliss Aqua Revive,mask,True,verified_exact,needs_alignment,4.75,12.98,173.26,,,400,ml,https://www.douglas.de/de/p/m003070896,[],"Verfügbar; Online auf Lager; IN DEN WARENKORB shown; delivery window Di., 06.10.2026 to Do., 08.10.2026.","[""price_change_over_30pct"", ""retailer_exception""]",masks-live-corrections.json,current_buyable_single_pack_offer_confirmed_at_douglas_but_price_not_4_75
d9825ad6-f549-4b02-a62a-eaa3bf917936,Gliss Liquid Silk Glanz 4-in-1 Bonding Haarmaske,mask,True,verified_exact,ready_for_dry_run,5.75,5.75,0.0,,,400.0,ml,https://www.dm.de/p/d/1431893/schwarzkopf-gliss-haarmaske-4in1-liquid-silk,"[""4015100813913""]","{""purchasable"": true, ""sellout"": false}",[],dm-final-matched-refresh.json,"Fresh official dm result matched selected DAN/GTIN, package and public price; purchasable=true."
c7326c6b-6175-4ec2-865f-68baf476c986,Guhl 30 sec. Feuchtigkeit,mask,True,verified_exact,ready_for_dry_run,3.45,3.45,0.0,,,100.0,ml,https://www.dm.de/p/d/1649554/guhl-haarkur-30-sek-feuchtigkeit,"[""4072600720097""]","{""purchasable"": true, ""sellout"": false}",[],dm-final-matched-refresh.json,"Fresh official dm result matched selected DAN/GTIN, package and public price; purchasable=true."
8ef172f7-8e95-4ac7-a6a9-235ad760155b,Guhl Panthenol + Reparatur 2in1 Kur & Spülung,mask,True,verified_same_product_package,needs_alignment,4.95,2.8,-43.43,,,200,ml,https://www.iwonatec.com/de/product/%21/guhl-2-in-1-hair-treatment-conditioner-with-panthenol-repair-200-ml,[],In stock; live purchase control; 1–2 days.,"[""price_change_over_30pct"", ""retailer_exception""]",care-last-unavailable-recovery.json,"Mask duplicate has exact same stored name and Müller IPN3052207 URL as conditioner, but no registered GTIN. Candidate is associated by that shared catalog identity; cannot claim a registered-GTIN match for this row."
7c057f58-3e9b-4347-b4c1-f04cc4213f94,HASK Argan Conditioning Treatment Haarkur,mask,True,verified_exact,ready_for_dry_run,2.95,2.95,0.0,,,50,ml,https://www.hagel-shop.de/hask-argan-oil-repairing-deep-conditioner-sachet-50-ml.html,"[""071164333068""]",http://schema.org/InStock,[],retailer-final-price-refresh.json,baseline_current_buyable_offer_confirmed_proposed_1_99_out_of_stock
47795618-40e7-4ef6-8034-0fd8eb747575,Isana 3in1 Milchprotein & Mandel,mask,True,unavailable_verified,held,0.69,,,,,250,ml,,[],unavailable_at_preferred_shop,"[""unavailable_verified""]",care-offers-recovery-evidence.json,"Rossmann exact registered-barcode URL redirects to a category page with product.notAvailable.error. No current eligible alternate whole-pack EUR offer recovered. Old EUR 0.69 is expired comparison-site history, not a current price. This does not establish global unavailability."
b3932c84-d6e1-453d-b52e-bed1df190fed,Jean&Len Tiefenreparatur Haarkur,mask,True,verified_exact,ready_for_dry_run,5.49,5.49,0.0,,,250,ml,https://www.mueller.de/p/jean-len-haarkur-kokosoel-macadamia-PPN3097814/,"[""4262401737824""]",https://schema.org/InStock,[],retailer-final-price-refresh.json,current_buyable_preferred_offer_confirmed
bc6ab308-7b6e-4d72-92aa-313a43c9c77d,Neqi Build Boost,mask,True,needs_availability_decision,held,9.99,9.3,,,,100,ml,https://mapeja.de/neqi-treatment-treasure-build-boost-100ml/,"[""4063528086303""]",Live rendered PDP says “auf Lager beim Lieferanten (3-5 Tage)” and exposes “ZUM WARENKORB HINZUFÜGEN”; its live JSON-LD Offer instead declares schema.org/PreOrder.,"[""needs_availability_decision""]",masks-neqi-final-recovery.json,needs_preorder_availability_decision
b281d528-b312-4e44-98be-3e01f7e56644,Neqi Gloss Glaze,mask,True,verified_exact,ready_for_dry_run,9.95,9.95,0.0,,,100.0,ml,https://www.dm.de/p/d/2972720/neqi-haarkur-treatment-treasures-gloss-glaze,"[""4063528086327""]","{""purchasable"": true, ""sellout"": false}",[],dm-final-matched-refresh.json,"Fresh official dm result matched selected DAN/GTIN, package and public price; purchasable=true."
22d41784-5fc6-40bb-a4dc-92841322f933,Neqi Peptide Power,mask,True,verified_exact,ready_for_dry_run,9.99,9.99,0.0,,,100,ml,https://www.rossmann.de/de/pflege-und-duft-neqi-intensive-haarkur-peptide-power/p/4063528086297,"[""4063528086297""]",available,[],rossmann-final-browser-refresh.json,Oct 3 live exact Rossmann whole-pack offer and online delivery confirmed.
d33543b0-6011-45f1-9bb2-125289ac849a,Neqi Repair Reveal,mask,True,verified_exact,ready_for_dry_run,9.95,9.95,0.0,,,250.0,ml,https://www.dm.de/p/d/1455211/neqi-haarkur-repair-reveal,"[""4063528078254""]","{""purchasable"": true, ""sellout"": false}",[],dm-final-matched-refresh.json,"Fresh official dm result matched selected DAN/GTIN, package and public price; purchasable=true."
7c1f2f42-3729-49fe-9f0d-e007b93a05c8,Pantene Bond Repair,mask,True,verified_exact,ready_for_dry_run,7.95,7.95,0.0,,,300.0,ml,https://www.dm.de/p/d/1336162/pantene-pro-v-haarkur-miracles-bond-repair-intensive-haarmaske,"[""8700216173476""]","{""purchasable"": true, ""sellout"": false}",[],dm-final-matched-refresh.json,"Fresh official dm result matched selected DAN/GTIN, package and public price; purchasable=true."
a17d3783-2854-4911-bbfa-b2f3ef7f95a8,Pantene Hydra Glow,mask,True,verified_exact,ready_for_dry_run,6.45,6.45,0.0,,,300.0,ml,https://www.dm.de/p/d/1343858/pantene-pro-v-haarmaske-miracles-hydra-glow-deep-hydration,"[""8700216173261""]","{""purchasable"": true, ""sellout"": false}",[],dm-final-matched-refresh.json,"Fresh official dm result matched selected DAN/GTIN, package and public price; purchasable=true."
077a94ae-fede-4773-9435-17022c2b89c0,PANTENE PRO-V Haarmaske Keratin Repair & Care,mask,True,verified_exact,ready_for_dry_run,4.45,4.45,0.0,,,300.0,ml,https://www.dm.de/p/d/1523350/pantene-pro-v-haarmaske-keratin-repair-und-care,"[""8700216502672""]","{""purchasable"": true, ""sellout"": false}",[],dm-final-matched-refresh.json,"Fresh official dm result matched selected DAN/GTIN, package and public price; purchasable=true."
8df49303-e1c9-4519-9a5f-4f9bc276ab5a,Pomélo+Co Shine Therapy,mask,True,verified_exact,ready_for_dry_run,9.95,9.95,0.0,,,100.0,ml,https://www.dm.de/p/d/3110549/pomelo-co-haarmaske-shine-therapy,"[""4260625261996""]","{""purchasable"": true, ""sellout"": false}",[],dm-final-matched-refresh.json,"Fresh official dm result matched selected DAN/GTIN, package and public price; purchasable=true."
869abd97-a499-4f39-97e5-2722773e46ae,Sante Intense Hydration,mask,True,unavailable_verified,held,6.99,,,,,150,ml,,"[""4055297220682""]",unavailable_at_verified_sources,"[""unavailable_verified""]",care-offers-recovery-evidence.json,Exact registered 150 ml mask is OutOfStock in live manufacturer JSON-LD. Flaconi cached EUR 6.99/in-stock result is false-current: live browser page is not found. Ecco Verde current primary page says discontinued in its shop. Existing Rossmann URL refers to a different 20 ml GTIN and redirects unavailable. No current eligible purchasable offer verified.
3ce9a9da-4d58-4a66-a424-f8818960b5dc,Schaebens Argan-Öl Haarmaske,mask,True,unavailable_verified,held,1.49,1.45,,,,20,ml,https://www.dm.de/p/d/1688048/schaebens-haarmaske-arganoel,"[""4003573025018""]",unavailable,"[""unavailable_verified""]",dm-final-browser-refresh.json,"Exact dm PDP price and identity confirmed, but purchase disabled and Nicht lieferbar after hydration. Do not publish as an available offer."
cce6346c-8c92-4a17-b39b-cc7f300e84de,Syoss Haarkur Lamination Intense Glaze,mask,True,verified_exact,needs_alignment,7.95,4.99,-37.23,,,200,ml,https://www.rossmann.de/de/pflege-und-duft-syoss-haar-laminierungs-kur-intense-glaze/p/4015100867213,"[""4015100867213""]",available,"[""price_change_over_30pct""]",rossmann-final-browser-refresh.json,Oct 3 live exact Rossmann whole-pack offer and online delivery confirmed.
4f6dc4e4-d163-405d-9c68-3b2467090078,Syoss Intense Curls Haarmaske,mask,True,verified_exact,ready_for_dry_run,4.99,4.99,0.0,,,400,ml,https://www.rossmann.de/de/pflege-und-duft-syoss-haarmaske-intense-curls/p/4015100866100,"[""4015100866100""]",available,[],rossmann-final-browser-refresh.json,Oct 3 live exact Rossmann whole-pack offer and online delivery confirmed.
961e3935-f823-44e7-8601-900c62855d3d,Syoss Intense Keratin,mask,True,verified_exact,ready_for_dry_run,4.95,4.99,0.81,,,400,ml,https://www.rossmann.de/de/pflege-und-duft-syoss-intense-keratin-haarmaske/p/4015100860863,"[""4015100860863""]","available; delivery Oct 6-7, enabled cart",[],final-preferred-browser-recovery.json,Preferred dm selected PDP not available; exact next-preferred Rossmann offer recovered.
ea353b65-544d-48a8-a057-c3e733b66326,Wahre Schätze 1-Minute Haarkur Argan & Camelia Öl,mask,True,verified_exact,ready_for_dry_run,4.95,4.95,0.0,,,340.0,ml,https://www.dm.de/p/d/1679238/wahre-schaetze-haarkur-1-minute-argan-und-camelia-oel,"[""3600542509572""]","{""purchasable"": true, ""sellout"": false}",[],dm-final-matched-refresh.json,"Fresh official dm result matched selected DAN/GTIN, package and public price; purchasable=true."
b2e7e679-a6ba-4ba3-93d7-1fd35f6e6c75,Wahre Schätze Haarkur 1-Minute Avocado-Öl & Sheabutter,mask,True,verified_exact,ready_for_dry_run,4.95,4.95,0.0,,,340.0,ml,https://www.dm.de/p/d/1679236/wahre-schaetze-haarkur-1-minute-avocado-oel-und-sheabutter,"[""3600542510127""]","{""purchasable"": true, ""sellout"": false}",[],dm-final-matched-refresh.json,"Fresh official dm result matched selected DAN/GTIN, package and public price; purchasable=true."
e51cfce0-fd76-4873-a868-cc3ca0301cbc,Kopfhautpflege Peeling Tiefenreinigung,scalp_care,True,verified_exact,ready_for_dry_run,2.95,2.95,0.0,,,150.0,ml,https://www.dm.de/p/d/1700670/balea-professional-kopfhautpflege-peeling-tiefenreinigung,"[""4066447467536""]","{""purchasable"": true, ""sellout"": false}",[],dm-final-matched-refresh.json,"Fresh official dm result matched selected DAN/GTIN, package and public price; purchasable=true."
35d2cc66-6d5a-49c1-9a9f-c03bf6942ab0,Kopfhautpflege Serum Sensitive,scalp_care,True,verified_exact,ready_for_dry_run,2.95,2.95,0.0,,,150.0,ml,https://www.dm.de/p/d/1459196/balea-professional-kopfhautpflege-serum-sensitive,"[""4066447679007""]","{""purchasable"": true, ""sellout"": false}",[],dm-final-matched-refresh.json,"Fresh official dm result matched selected DAN/GTIN, package and public price; purchasable=true."
cd76afea-d332-4b1d-b44b-7de5bef9034f,Kopfhautberuhigendes Intensiv-Tonikum,scalp_care,True,verified_exact,ready_for_dry_run,16.95,16.95,0.0,,,100,ml,https://www.dm.de/p/d/3086968/eucerin-eucerin-dermo-capillaire-5-prozent-urea-kopfhautberuhigendes-intensiv-tonikum,"[""4005800036620""]",Lieferbar; enabled cart; standard delivery2-3businessdays; sold by dm-med,[],final-preferred-last-two.json,Exact preferred dm-med offer verified. Keep current preferred link and16.95EUR; fill known100ml package.
945ecca3-c4f0-4426-9af5-a5a8482b3b27,Klärendes Serum,scalp_care,True,verified_exact,ready_for_dry_run,8.95,8.95,0.0,,,100.0,ml,https://www.dm.de/p/d/3119228/schwarzkopf-gliss-haarserum-scalp-balance-klaerend,"[""4015100892963""]","{""purchasable"": true, ""sellout"": false}",[],dm-final-matched-refresh.json,"Fresh official dm result matched selected DAN/GTIN, package and public price; purchasable=true."
c9b231ee-77b5-45b7-8127-7a85d3ae7dd0,Kopfhaut-Feuchtigkeitspflege Leave-In Serum,scalp_care,True,verified_exact,ready_for_dry_run,5.95,5.95,0.0,145,ml,145,ml,https://www.dm.de/p/d/2482723/head-und-shoulders-leave-in-serum-derma-x-pro-kopfhaut-feuchtigkeitspflege,"[""8006530455787""]","{""purchasable"": true, ""sellout"": false}",[],dm-final-matched-refresh.json,"Fresh official dm result matched selected DAN/GTIN, package and public price; purchasable=true."
2544de60-e295-47ec-98a1-6b4ca58ce4be,Kopfhautpeeling Tiefenreinigung,scalp_care,True,verified_exact,ready_for_dry_run,2.99,2.99,0.0,,,150,ml,https://www.rossmann.de/de/pflege-und-duft-isana-professional-kopfhautpeeling-tiefenreinigung/p/4068134100023,"[""4068134100023""]",available,[],rossmann-final-browser-refresh.json,Oct 3 live exact Rossmann whole-pack offer and online delivery confirmed.
3f3542c0-e82b-4306-a9e0-85df313a78cf,Anti-Haarverlust Serum,scalp_care,True,verified_exact,ready_for_dry_run,13.95,13.99,0.29,,,102,ml,https://www.rossmann.de/de/pflege-und-duft-loreal-paris-elvital-fiber-booster-anti-haarverlust-serum/p/3600524189921,"[""3600524189921""]",available,[],rossmann-final-browser-refresh.json,Oct 3 live exact Rossmann whole-pack offer and online delivery confirmed.
58aa2f19-b23a-4e09-ab0f-68c359371c9e,Multi-Peptide Serum for Hair Density,scalp_care,True,verified_same_product_package,ready_for_dry_run,26.5,26.5,0.0,,,60,ml,https://theordinary.com/de-de/multi-peptide-serum-for-hair-density-hair-scalp-treatment-100434.html,[],True,[],retailer-final-price-refresh.json,"Exact existing The Ordinary official German PDP corroborates product name, 60 ml MPN/variant, 26.50 EUR, and InStock availability. It exposes no barcode, so the existing registered GTIN is retained without proposing identifier change."
e3571e45-1126-4431-bef8-43153ef64c20,alverde NATURKOSMETIK Haarkur 4in1 Repair & Care Wunderkur,mask,False,unavailable_verified,held,3.25,3.25,,200,ml,200,ml,https://www.dm.de/p/d/1412268/alverde-naturkosmetik-haarkur-4in1-repair-und-care-wunderkur,"[""4067796145861""]",Current purchase component: Nicht lieferbar; add-to-cart disabled; Keine Anzeige für die Verfügbarkeit im dm-Markt möglich.,"[""unavailable_verified""]",masks-live-corrections.json,price_identity_confirmed_current_purchase_state_conflicted_and_not_online_buyable
96f4cf13-7a71-4924-b44e-9d5612d55d32,alverde NATURKOSMETIK Haarmaske Hydro Feuchtigkeit,mask,False,unavailable_verified,held,0.95,0.95,,20,ml,20.0,ml,https://www.dm.de/p/d/1704280/alverde-naturkosmetik-haarmaske-hydro-feuchtigkeit,"[""4066447918946""]","{""purchasable"": false, ""sellout"": false}","[""unavailable_verified""]",dm-final-matched-refresh.json,"Fresh official dm result matched selected DAN/GTIN, package and public price; purchasable=false."
e75b6978-d9ca-4601-b40a-8eb8cc974b45,Balea Haarkur Feuchtigkeit,mask,False,verified_exact,ready_for_dry_run,0.55,0.55,0.0,25,ml,25.0,ml,https://www.dm.de/p/d/1679500/balea-haarkur-feuchtigkeit,"[""4066447154832""]","{""purchasable"": true, ""sellout"": false}",[],dm-final-matched-refresh.json,"Fresh official dm result matched selected DAN/GTIN, package and public price; purchasable=true."
1bf36485-3fe8-4fe0-9a03-b2bf7b451f0c,Being (by ZURU) Mega Moisture Haarmaske,mask,False,verified_exact,ready_for_dry_run,6.79,6.79,0.0,354,ml,354,ml,https://www.rossmann.de/de/pflege-und-duft-being-mega-moisture-haarmaske/p/4895248006008,"[""4895248006008""]",available,[],rossmann-final-browser-refresh.json,Oct 3 live exact Rossmann whole-pack offer and online delivery confirmed.
106aaea7-cbdf-400c-bf3c-7cf7ce268577,Being (by ZURU) Mega Shine Haarmaske,mask,False,verified_exact,ready_for_dry_run,6.79,6.79,0.0,354,ml,354,ml,https://www.rossmann.de/de/pflege-und-duft-being-mega-shine-haarmaske/p/4895248006015,"[""4895248006015""]",available,[],rossmann-final-browser-refresh.json,Oct 3 live exact Rossmann whole-pack offer and online delivery confirmed.
4a7b5b38-ff8b-4e0a-aaa2-4f5031797ee3,Garnier Fructis Haarkur Banana Hair Food 3in1 Maske,mask,False,verified_exact,ready_for_dry_run,5.95,5.95,0.0,400,ml,400.0,ml,https://www.dm.de/p/d/1676324/garnier-fructis-haarkur-banana-hair-food-3in1-maske,"[""3600542511070""]","{""purchasable"": true, ""sellout"": false}",[],dm-final-matched-refresh.json,"Fresh official dm result matched selected DAN/GTIN, package and public price; purchasable=true."
488685e8-4718-4cb5-a826-9bcb75014b34,"Garnier Fructis Haarmaske Keratin Sleek, Anti-Frizz Kur",mask,False,verified_exact,ready_for_dry_run,5.95,5.95,0.0,370,ml,370.0,ml,https://www.dm.de/p/d/3042310/garnier-fructis-haarmaske-keratin-sleek-anti-frizz-kur,"[""3600542638951""]","{""purchasable"": true, ""sellout"": false}",[],dm-final-matched-refresh.json,"Fresh official dm result matched selected DAN/GTIN, package and public price; purchasable=true."
82a0d0bd-784f-4be0-aa6e-2d929b088912,Guhl Haarkur 30_sek Reparatur,mask,False,verified_exact,ready_for_dry_run,3.45,3.45,0.0,100,ml,100.0,ml,https://www.dm.de/p/d/1649553/guhl-haarkur-30-sek-reparatur,"[""4072600720080""]","{""purchasable"": true, ""sellout"": false}",[],dm-final-matched-refresh.json,"Fresh official dm result matched selected DAN/GTIN, package and public price; purchasable=true."
315ae9f5-ad1a-4159-b307-2413338c8052,Herbal Essences Haarmaske Blütensanft,mask,False,verified_exact,needs_alignment,3.99,5.58,39.85,300,ml,300,ml,https://www.office-partner.de/herbal-essences-rose-haarmaske-300-ml-n2000020455,"[""8700216212724""]",in stock; delivery1-2businessdays,"[""price_change_over_30pct"", ""retailer_exception""]",final-alternate-offer-fetch.json,dm/Rossmann unavailable; exact German direct retailer fallback verified. Prefer holding preferred link unless Nick accepts Office Partner exception.
25359379-8a85-4f2f-a338-2a7361b747a7,Isana Professional Haarmaske Locken Traum,mask,False,verified_exact,ready_for_dry_run,2.79,2.79,0.0,250,ml,250,ml,https://www.rossmann.de/de/pflege-und-duft-isana-professional-haarmaske-locken-traum/p/4305615846965,"[""4305615846965""]",available,[],rossmann-final-browser-refresh.json,Oct 3 live exact Rossmann whole-pack offer and online delivery confirmed.
27fafbbd-9a89-4335-aed0-5cf5a081ef5c,Isana Professional Plex Maske,mask,False,verified_exact,ready_for_dry_run,2.49,2.49,0.0,125,ml,125,ml,https://www.rossmann.de/de/pflege-und-duft-isana-professional-plex-maske/p/4305615975948,"[""4305615975948""]",available,[],rossmann-final-browser-refresh.json,Oct 3 live exact Rossmann whole-pack offer and online delivery confirmed.
e5cfad78-ea22-49a5-911a-cb1f3109fa1c,Jean&Len Rosemary/Ginger Hair Mask Hydration Rosemary/Ginger,mask,False,needs_barcode_review,held,7.99,7.99,,,,200,ml,https://www.jeanlen.de/en/haarmaske-feuchtigkeit-rosemary-ginger,"[""4262401735639""]",https://schema.org/InStock,"[""needs_barcode_review""]",retailer-final-price-refresh.json,Canonical PDP exposes a barcode not registered on the catalog product; do not replace or merge identifiers without review.
b1712c80-75a9-4d85-89c3-e12421f208e8,John Frieda Frizz Ease Wunder-Reparatur Tiefenwirksame Wunder-Kur,mask,False,verified_exact,ready_for_dry_run,9.99,9.95,-0.4,250,ml,250.0,ml,https://www.dm.de/p/d/3123414/john-frieda-haarkur-frizz-ease-wunder-reparatur,"[""5037156298789""]","{""purchasable"": true, ""sellout"": false}",[],dm-final-matched-refresh.json,"Fresh official dm result matched selected DAN/GTIN, package and public price; purchasable=true."
e482e42a-bdac-4f5e-bd3b-489e702c0c4b,L'Oréal Paris Elvital Haarmaske Hydra Hyaluronic,mask,False,verified_exact,ready_for_dry_run,4.95,4.95,0.0,,,300.0,ml,https://www.dm.de/p/d/3122676/l-oreal-paris-elvital-haarmaske-hydra-hyaluronic,"[""3600524245849""]","{""purchasable"": true, ""sellout"": false}",[],dm-final-matched-refresh.json,"Fresh official dm result matched selected DAN/GTIN, package and public price; purchasable=true."
13a1acb9-c824-4410-b4b6-ed358be30c37,"L'Oréal Paris Elvital Haarkur Glycolic Gloss, 5 Minuten Haar-Laminierung",mask,False,verified_exact,ready_for_dry_run,8.95,8.95,0.0,200,ml,200.0,ml,https://www.dm.de/p/d/1343854/l-oreal-paris-elvital-haarkur-glycolic-gloss-5-minuten-haar-laminierung,"[""3600524128500""]","{""purchasable"": true, ""sellout"": false}",[],dm-final-matched-refresh.json,"Fresh official dm result matched selected DAN/GTIN, package and public price; purchasable=true."
5122791e-6572-4ed0-b4c4-a7183912b7cf,OGX Coconut Miracle Oil Haarmaske,mask,False,verified_exact,ready_for_dry_run,9.99,8.95,-10.41,300,ml,300.0,ml,https://www.dm.de/p/d/2170211/ogx-haarkur-coconut-miracle-oil,"[""3574661685168""]","{""purchasable"": true, ""sellout"": false}",[],dm-final-matched-refresh.json,"Fresh official dm result matched selected DAN/GTIN, package and public price; purchasable=true."
3f75e6f8-7659-42ce-bcd9-3c21af5d2de4,Pantene Pro-V Moisture BOOST Keratin Protect Haarmaske,mask,False,verified_exact,ready_for_dry_run,3.99,4.45,11.53,300,ml,300.0,ml,https://www.dm.de/p/d/3088184/pantene-pro-v-haarmaske-moisture-boost-keratin-protect,"[""8700216940108""]","{""purchasable"": true, ""sellout"": false}",[],dm-final-matched-refresh.json,"Fresh official dm result matched selected DAN/GTIN, package and public price; purchasable=true."
d46c16fa-1ca6-45dd-bab4-af96217c5480,Pantene Pro-V Pantene Pro-V Serum Shot mit Collagen Peptiden,mask,False,verified_exact,ready_for_dry_run,1.95,1.99,2.05,15,ml,15,ml,https://www.ohfeliz.de/pantene-pro-v/haarkur-1-minute-wunder-ampulle,"[""4084500390089""]",https://schema.org/InStock,[],retailer-final-price-refresh.json,"Exact current product, package, price, availability, and registered GTIN are corroborated by the cited German/official retailer evidence."
75a3dc03-a2d1-4a5a-aa66-50edff642c41,"Schwarzkopf Gliss Haarkur 7sec Express-Repair, Ultimate Repair",mask,False,verified_exact,ready_for_dry_run,6.95,6.95,0.0,200,ml,200.0,ml,https://www.dm.de/p/d/1581143/schwarzkopf-gliss-haarkur-7sec-express-repair-ultimate-repair,"[""4015100813319""]","{""purchasable"": true, ""sellout"": false}",[],dm-final-matched-refresh.json,"Fresh official dm result matched selected DAN/GTIN, package and public price; purchasable=true."
5a0b573e-bd4a-40a6-a328-9ceb8024109b,Wahre Schätze Haarkur 1-Minute Honig Schätze,mask,False,verified_exact,ready_for_dry_run,4.95,4.95,0.0,340,ml,340.0,ml,https://www.dm.de/p/d/1679237/wahre-schaetze-haarkur-1-minute-honig-schaetze,"[""3600542509428""]","{""purchasable"": true, ""sellout"": false}",[],dm-final-matched-refresh.json,"Fresh official dm result matched selected DAN/GTIN, package and public price; purchasable=true."
25a545c5-91c3-4338-baf9-63b3d5c155e3,Wahre Schätze Haarkur 1-Minute Traube,mask,False,verified_exact,ready_for_dry_run,4.95,4.95,0.0,340,ml,340.0,ml,https://www.dm.de/p/d/3115711/wahre-schaetze-haarkur-1-minute-traube,"[""3600542656191""]","{""purchasable"": true, ""sellout"": false}",[],dm-final-matched-refresh.json,"Fresh official dm result matched selected DAN/GTIN, package and public price; purchasable=true."
f66f2f93-a1f2-43fb-8647-48d49cdae7d3,Hitzeschutzspray Ultralight,heat_protectant,True,verified_exact,ready_for_dry_run,2.95,2.95,0.0,,,200.0,ml,https://www.dm.de/p/d/3101587/balea-hitzeschutzspray-ultralight,"[""4066447909562""]","{""purchasable"": true, ""sellout"": false}",[],dm-final-matched-refresh.json,"Fresh official dm result matched selected DAN/GTIN, package and public price; purchasable=true."
efaff579-e411-41eb-972a-2734a8517356,Hitzeschutzspray Schutzengel,heat_protectant,True,needs_barcode_review,held,4.95,4.95,,,,200,ml,https://www.dm.de/p/d/1267310/got2b-hitzeschutzspray-schutzengel,"[""4015100894141""]",available,"[""needs_barcode_review""]",dm-final-browser-refresh.json,"Same named 200 ml dm article 1267310 now publishes GTIN 4015100894141, versus registered 4015100800128. Old legacy URL is dead. Hold for identifier/formula continuity review; retain old barcode."
1b8f56b9-b186-4bed-a65c-f582ac0e9453,Hitzeschutzspray beat the heat,heat_protectant,True,verified_exact,ready_for_dry_run,3.99,3.99,0.0,,,100,ml,https://www.jeanlen.de/hitzeschutzspray-beat-the-heat,"[""4262500781476""]",https://schema.org/InStock,[],retailer-final-price-refresh.json,"Official JSON-LD has exact GTIN, 100 ml package, price and InStock offer."
71302fae-decd-4b10-80ea-148d5998e2fa,Defeat the Heat Hitzeschutzspray,heat_protectant,True,verified_exact,ready_for_dry_run,4.95,4.95,0.0,,,150.0,ml,https://www.dm.de/p/d/1571140/l-oreal-paris-elvital-hitzeschutzspray-dream-length-langes-und-glattes-haar,"[""3600523966714""]","{""purchasable"": true, ""sellout"": false}",[],dm-final-matched-refresh.json,"Fresh official dm result matched selected DAN/GTIN, package and public price; purchasable=true."
f8c47bf8-a075-4568-a9ab-aa336b7ae50a,Hitzeschutzspray,heat_protectant,True,verified_exact,ready_for_dry_run,3.95,3.95,0.0,,,150.0,ml,https://www.dm.de/p/d/1681631/schwarzkopf-taft-hitzeschutzspray-taft-x-gliss-lovely-long,"[""4015100810400""]","{""purchasable"": true, ""sellout"": false}",[],dm-final-matched-refresh.json,"Fresh official dm result matched selected DAN/GTIN, package and public price; purchasable=true."
9b664b11-fd11-47e3-9b7e-76e34736b43e,Alcina Hyaluron 2.0,leave_in,True,verified_exact,ready_for_dry_run,14.9,12.6,-15.44,,,125,ml,https://www.number-one.de/Alcina-Hyaluron-20-Spray-125-ml,"[""4008666199522""]",available,[],retailer-final-price-refresh.json,"Exact GTIN, product, 125 ml package, price, and available status are on a German specialist PDP."
f9595d2c-d86d-4bdb-9758-c98d1e213f3c,alverde Leave-In Sprühkur Express 7in1,leave_in,True,verified_exact,ready_for_dry_run,2.75,2.75,0.0,,,75.0,ml,https://www.dm.de/p/d/3090444/alverde-naturkosmetik-leave-in-spruehkur-7in1-express,"[""4066447919387""]","{""purchasable"": true, ""sellout"": false}",[],dm-final-matched-refresh.json,"Fresh official dm result matched selected DAN/GTIN, package and public price; purchasable=true."
43cb9fbf-4b04-4554-a86a-7cb168536233,Authentic Beauty Concept Hydrate Spray,leave_in,True,verified_exact,ready_for_dry_run,38.6,38.6,0.0,,,250,ml,https://www.hagel-shop.de/authentic-beauty-concept-hydrate-spray-conditioner-250-ml.html,"[""42392606""]",http://schema.org/InStock,[],retailer-final-price-refresh.json,"Exact specialist PDP title, EAN, 250 ml, price, and purchase control."
c6e80f39-20ba-401e-b041-6ee7c89a5996,Balea Aqua Hyaluron 3in1,leave_in,True,unavailable_verified,held,2.75,2.75,,,,150,ml,https://www.dm.de/p/d/1417521/balea-professional-haarmaske-3in1-aqua-hyaluron,"[""4066447668315""]",unavailable,"[""unavailable_verified""]",dm-final-browser-refresh.json,"Exact dm PDP price and identity confirmed, but purchase disabled and Nicht lieferbar after hydration. Do not publish as an available offer."
e3c4b607-8f81-462c-8a2b-e45c8b3a2976,Cantu Leave-In Repair Cream,leave_in,True,verified_exact,ready_for_dry_run,6.95,6.95,0.0,,,453.0,g,https://www.dm.de/p/d/1685686/cantu-leave-in-haarkur-repair-creme,"[""810006945430""]","{""purchasable"": true, ""sellout"": false}",[],dm-final-matched-refresh.json,"Fresh official dm result matched selected DAN/GTIN, package and public price; purchasable=true."
11a099f7-eabe-4bdb-bfd3-995f35cb6ee4,Color WOW Money Mist,leave_in,True,verified_exact,ready_for_dry_run,31.99,35.2,10.03,,,150,ml,https://www.cocooncenter.de/color-wow-money-mist-spray/115987.html,"[""5060150185731""]",http://schema.org/InStock,[],retailer-final-price-refresh.json,The previously proposed hair-store.de page is parked/shell and is not relied upon. Ordinary whole-package price only; shipping excluded.
648ba537-5180-440e-81ad-2b310b447d87,Curlsmith Hydrate & Plump Leave-In,leave_in,True,verified_exact,ready_for_dry_run,21,17.85,-15.0,,,237,ml,https://www.hagel-shop.de/curlsmith-hydrate-plump-leave-in-237-ml-12135900.html,"[""850035298718""]",http://schema.org/InStock,[],retailer-final-price-refresh.json,Preferred Hagel exact registered EAN/package offer replaces earlier fallback retailer proposal.
2bafeb7e-6610-4efc-a8e8-a402071b2ed9,Curlsmith Multitasking Conditioner 3 in 1,leave_in,True,verified_exact,ready_for_dry_run,17.85,17.85,0.0,237,ml,237,ml,https://www.hagel-shop.de/curlsmith-multi-tasking-conditioner-237ml-12128539.html,"[""850005417637""]",http://schema.org/InStock,[],retailer-final-price-refresh.json,One registered GTIN exactly matches this current 237 ml specialist offer.
8715f0f5-9104-46ec-b450-e73f1441c1fa,Curlsmith Weightless Air Dry Cream,leave_in,True,verified_exact,ready_for_dry_run,21,21,0.0,,,237,ml,https://eu.curlsmith.com/products/weightless-air-dry-cream,"[""850048197626""]",available,[],curlsmith-selected-variant-final.json,"A current exact, one-time brand-direct offer is confirmed at €21.00. The page also contains a subscription discount, which is excluded; price recorded is the ordinary whole-package €21.00 price. This replaces neither any approved catalog choice nor a preferred-retailer offer."
b139d4e8-6f26-4096-a1b9-d9efcb02d2ec,EVO Day of Grace Leave-In,leave_in,True,verified_exact,ready_for_dry_run,28,24.92,-11.0,,,200,ml,https://www.hagel-shop.de/evo-day-of-grace-pre-style-primer-200-ml-5826168.html,"[""9349769009598""]",http://schema.org/InStock,[],retailer-final-price-refresh.json,"Exact specialist PDP title, EAN, 200 ml, price, and purchase control."
42b9eba7-d0e3-4d02-ae2b-7a1612a561fe,EVO Happy Campers,leave_in,True,verified_exact,ready_for_dry_run,24.92,24.92,0.0,,,200,ml,https://www.hagel-shop.de/evo-happy-campers-wearable-treatment-200-ml-5826170.html,"[""9349769009550""]",http://schema.org/InStock,[],retailer-final-price-refresh.json,Preferred Hagel exact registered EAN/package offer replaces earlier fallback retailer proposal.
118ebae1-b7a9-4a89-a2ff-6c31df28c4dc,EVO Head Mistress,leave_in,True,verified_exact,ready_for_dry_run,24.92,30,20.39,,,150,ml,https://www.beautykaufen.de/products/evo-cuticle-sealer,"[""9349769013144""]",https://schema.org/InStock,[],retailer-final-price-refresh.json,"Exact GTIN, product, package, price and current purchase/availability evidence; stable EU specialist accepted for pro product."
0307c903-84f9-46b4-8f1f-a51c2b1f38ff,Garnier Hair Food Aloe Vera,leave_in,True,verified_exact,ready_for_dry_run,5.95,5.95,0.0,,,400.0,ml,https://www.dm.de/p/d/1676340/garnier-fructis-haarmaske-aloe-vera-hair-food-3in1-trockenes-haar,"[""3600542511049""]","{""purchasable"": true, ""sellout"": false}",[],dm-final-matched-refresh.json,"Fresh official dm result matched selected DAN/GTIN, package and public price; purchasable=true."
a72d630d-547a-465f-9846-3006b38af0a2,Garnier Hair Food Macadamia,leave_in,True,needs_barcode_review,held,5.95,,,,,400,ml,,[],"Douglas candidate live in stock, but exact registered identity unresolved.","[""needs_barcode_review""]",care-last-unavailable-recovery.json,Live dm independently maps registeredGTIN3600542511612 to400ml. Douglas400ml offer omitsGTIN in Product JSON-LD and publishes a different INCI list. Name+size is insufficient to bridge this identity conflict.
5dc2fae3-a0ca-4e6c-9c30-02dd192772f0,Gliss Ultimate Repair Sprüh-Conditioner,leave_in,True,verified_exact,ready_for_dry_run,4.99,4.95,-0.8,,,200.0,ml,https://www.dm.de/p/d/1430908/schwarzkopf-gliss-sprueh-conditioner-express-repair-ultimate-repair,"[""4015100813494""]","{""purchasable"": true, ""sellout"": false}",[],dm-final-matched-refresh.json,"Fresh official dm result matched selected DAN/GTIN, package and public price; purchasable=true."
5a9f4b7b-69d9-4e9a-8bbd-2dfbae9a5df3,HASK Keratin 5-in-1 Spray,leave_in,True,verified_exact,ready_for_dry_run,7.95,9.95,25.16,,,175,ml,https://www.beautykaufen.de/products/keratin-smoothing-leave-in-spray,"[""0071164302248""]",https://schema.org/InStock,[],retailer-final-price-refresh.json,"Exact GTIN, name, package and current price/availability evidence on an available purchase PDP."
0b21f996-bb42-4b10-89bd-4881c4346d53,ISANA PROFESSIONAL Leave-In Conditioner Hyaluron & Panthenol,leave_in,True,verified_exact,ready_for_dry_run,2.49,2.49,0.0,,,100,ml,https://www.rossmann.de/de/pflege-und-duft-isana-professional-leave-in-conditioner-hyaluron-und-panthenol-feuchtigkeitsspendend-silikonfrei-trockenes-haar/p/4305615946733,"[""4305615946733""]",available,[],rossmann-final-browser-refresh.json,Oct 3 live exact Rossmann whole-pack offer and online delivery confirmed.
696401be-16b5-4261-836f-28b57c1ecd59,It’s a 10 Miracle Leave-In,leave_in,True,verified_exact,ready_for_dry_run,44,40.48,-8.0,,,295.7,ml,https://www.hagel-shop.de/it-s-a-10-miracle-leave-in-product-295-7-ml.html,"[""898571000211""]",http://schema.org/InStock,[],retailer-final-price-refresh.json,"Exact specialist PDP title, EAN, package, price, delivery and purchase control. Exact displayed Hagel package is 295.7 ml; decimal precision preserved."
7d65ed50-898c-40c3-8865-ebe5688774c8,It’s a 10 Miracle Leave-In Lite,leave_in,True,verified_exact,ready_for_dry_run,23,21.16,-8.0,,,120,ml,https://www.hagel-shop.de/it-s-a-10-miracle-leave-in-conditioner-lite-120-ml.html,"[""898571000433""]",http://schema.org/InStock,[],retailer-final-price-refresh.json,"Exact specialist PDP title, EAN, package, price, delivery and purchase control."
8f84eae5-222d-4bbf-9ab0-f30361882a95,K18 Hair Professional Molecular Repair Hair Mist,leave_in,True,verified_exact,ready_for_dry_run,62.95,62.95,0.0,150,ml,150,ml,https://www.look-beautiful.de/professional-molecular-repair-hair-mist-sw13531,"[""858511001142""]",available,[],retailer-final-price-refresh.json,Direct specialist PDP exposes a registered exact GTIN and current price; retained existing 150 ml base package.
6b01025d-9e72-4514-b42e-bbb6065fbe1c,Midnight Serum,leave_in,True,verified_exact,ready_for_dry_run,7.95,7.95,0.0,,,100.0,ml,https://www.dm.de/p/d/1333706/l-oreal-paris-elvital-haarserum-oel-magique-midnight-serum,"[""3600524135805""]","{""purchasable"": true, ""sellout"": false}",[],dm-final-matched-refresh.json,"Fresh official dm result matched selected DAN/GTIN, package and public price; purchasable=true."
0756a919-5fab-4b6c-a5da-8cb810869b6f,Living Proof Restore Repair Leave-In,leave_in,True,verified_exact,ready_for_dry_run,27.99,30.0,7.18,,,118,ml,https://www.cosmeterie.de/living-proof/restore-repair-leave-in,"[""858544005575""]",https://schema.org/InStock,[],retailer-final-price-refresh.json,The prior iHerb source was HTTP 403. Ordinary whole-package price only; shipping excluded.
50951ef2-e16a-4a51-85c5-a709aa64c03a,Maria Nila Coils & Curls Oil in Cream,leave_in,True,verified_exact,ready_for_dry_run,22.5,22.3,-0.89,,,100,ml,https://mapeja.de/maria-nila-c-s-coils-curls-oil-in-cream-100ml/,"[""7391681403741""]",http://schema.org/InStock,[],retailer-final-price-refresh.json,Ordinary whole-package price only; shipping excluded.
695414e1-3435-4304-943b-76677408980c,Maria Nila Structure Repair Leave-In,leave_in,True,verified_exact,needs_alignment,23.25,32.0,37.63,,,200,ml,https://www.cosmeterie.de/maria-nila/structure-repair-leave-in-cream-1,"[""7391681036079""]",https://schema.org/InStock,"[""price_change_over_30pct""]",retailer-final-price-refresh.json,Ordinary whole-package price only; shipping excluded.
7a3d1d99-2ff4-49b9-b021-d5ec2bdb0fe6,Moroccanoil All In One Leave In Conditioner,leave_in,True,verified_same_product_package,ready_for_dry_run,16,12.8,-20.0,50,ml,50,ml,https://www.douglas.de/de/p/5011481841,[],50mlMini; Online auf Lager; enabled cart; delivery Oct6-8,[],high-end-final-browser-refresh.json,Douglas selected50mlMini unconditional sale12.80EUR;16EURisUVP and16.99is30dayreference. Same approved50mlbasepackage.
bbfd8b03-d219-48bb-9ab3-b7c14bcae3dd,Leave-In Moisturizing Mist,leave_in,True,verified_exact,ready_for_dry_run,11.95,12.95,8.37,,,180,ml,https://www.hagel-shop.de/neqi-x-tbp-leave-in-mist-180-ml.html,"[""4063528103222""]",http://schema.org/InStock,[],retailer-final-price-refresh.json,"Exact name, 180 ml package, GTIN, current EUR price and delivery time shown on German specialist PDP."
9f94c225-61ec-455d-b303-f39e885e222a,Neqi Build Boost Leave-In Balm,leave_in,True,verified_exact,ready_for_dry_run,9.95,9.95,0.0,,,75,ml,https://neqi-hair.com/products/build-boost-balm?variant=52259787538778,"[""4063528097651""]",http://schema.org/InStock,[],retailer-final-price-refresh.json,Exact registered GTIN and 75 ml package on the brand-direct German product page; the whole-package price is €9.95 and the page reports the variant available. This replaces the Maquibeauty proposal whose live structured offer was out of stock.
e6896862-523b-42b3-967d-41cbd16acf64,Neqi Moisture Mystery,leave_in,True,verified_exact,ready_for_dry_run,9.95,9.95,0.0,,,200.0,ml,https://www.dm.de/p/d/1455206/neqi-leave-in-creme-moisture-mystery,"[""4063528078346""]","{""purchasable"": true, ""sellout"": false}",[],dm-final-matched-refresh.json,"Fresh official dm result matched selected DAN/GTIN, package and public price; purchasable=true."
4827c174-92e9-4121-ab70-843d5c037ad0,Olaplex No.5 Leave-In,leave_in,True,verified_exact,ready_for_dry_run,34,24.95,-26.62,,,100,ml,https://www.number-one.de/Olaplex-No5-Moisturize-Mend-Leave-In-Conditioner-100-ml,"[""850056933285""]",available,[],retailer-final-price-refresh.json,"Exact GTIN, name, package and current price/availability evidence; no conflicting package selected."
4e99706a-2232-4ee6-ba1b-9ca1029a7364,Olaplex No.6 Bond Smoother,leave_in,True,verified_exact,ready_for_dry_run,32,32,0.0,,,100,ml,https://olaplex.de/products/olaplex-no-6-bond-smoother,"[""850018802796""]",http://schema.org/InStock,[],retailer-final-price-refresh.json,"Exact GTIN, name, package and current price/availability evidence; no conflicting package selected."
993f0e55-2450-4557-853d-e6e23ec0d1a9,OUAI Leave In Conditioner,leave_in,True,verified_same_product_package,needs_alignment,25.25,30.45,20.59,,,140,ml,https://www.sephora.de/p/leave-in-conditioner-426531.html,[],in_stock,"[""retailer_exception""]",leaveins-last-two-recovery.json,"The current PDP directly identifies the same OUAI Leave In Conditioner in the exact 140 ml package, and the price-per-litre display corroborates that volume. Sephora did not expose the EAN in the hydrated page source, so the registered GTIN is retained as catalog identity rather than claimed as newly observed; there was no conflicting barcode or package indication."
35a372b6-c7ef-45cb-be0b-99cef476f247,Pantene Bonding Leave-In,leave_in,True,verified_exact,ready_for_dry_run,9.95,9.95,0.0,,,90,ml,https://www.dm.de/p/d/3057700/pantene-pro-v-miracles-molecular-bond-repair-wunder-haarcreme-leave-in,"[""8700216637374""]","{""purchasable"": true, ""sellout"": false}",[],dm-final-matched-refresh.json,"Fresh official dm result matched selected DAN/GTIN, package and public price; purchasable=true."
e781ca9e-886d-40a1-bfe1-48177cfbf381,Pantene Pro-V Leave-In Moisture Boost HEAT&GLOW,leave_in,True,verified_exact,ready_for_dry_run,8.95,8.95,0.0,,,135.0,ml,https://www.dm.de/p/d/3088304/pantene-pro-v-leave-in-moisture-boost-heat-und-glow,"[""8700216939768""]","{""purchasable"": true, ""sellout"": false}",[],dm-final-matched-refresh.json,"Fresh official dm result matched selected DAN/GTIN, package and public price; purchasable=true."
f8f3b51d-8e64-487d-bad5-4a47c58862ed,Pantene Pro-V Miracles 7in1 Haaröl Spray,leave_in,True,verified_exact,ready_for_dry_run,8.99,8.99,0.0,,,145,ml,https://www.rossmann.de/de/pflege-und-duft-pantene-pro-v-miracles-schwereloses-7in1-haaroel-spray/p/8700216178402,"[""8700216178402""]",available,[],rossmann-final-browser-refresh.json,Oct 3 live exact Rossmann whole-pack offer and online delivery confirmed.
915aa362-6479-41f2-bb59-0260493b3d58,Paul Mitchell Full Circle Leave-In,leave_in,True,verified_exact,ready_for_dry_run,26.45,26.45,0.0,,,150,ml,https://www.hagel-shop.de/paul-mitchell-full-circle-leave-in-cream-150-ml.html,"[""009531139159""]",http://schema.org/InStock,[],retailer-final-price-refresh.json,"Exact specialist PDP title, EAN, package, price, delivery and purchase control."
a3b21686-fe35-46f1-b560-b8a563dc96ae,Redken Acidic Color Gloss Leave-In,leave_in,True,verified_exact,ready_for_dry_run,26.99,34.95,29.49,,,190,ml,https://www.bellaffair.de/redken-acidic-color-gloss-leave-in-spray,"[""3474637174170""]",available,[],retailer-final-price-refresh.json,"Exact GTIN, product, package, price and current availability/purchase evidence."
0d5a4af5-d046-4378-b608-515c9d1d66ec,Redken All Soft Mega Curls Leave-In,leave_in,True,verified_exact,ready_for_dry_run,24.44,27.62,13.01,,,150,ml,https://ellashaarshop.de/collections/leave-in-pflege/products/redken-all-soft-mega-curls-hydramelt-treatment,"[""3474637135638""]",available,[],retailer-final-price-refresh.json,"Exact GTIN, product, package, price and current availability/purchase evidence."
2b7db7e3-2058-4178-8a03-7d05f4a1d447,Redken Extreme Anti-Snap,leave_in,True,verified_exact,ready_for_dry_run,25.99,26.1,0.42,,,250,ml,https://www.hagel-shop.de/redken-extreme-anti-snap-250-ml-5814965.html,"[""884486453402""]",http://schema.org/InStock,[],retailer-final-price-refresh.json,Preferred Hagel exact registered EAN/package offer replaces earlier fallback retailer proposal.
39ec1b2d-4aa0-4c4e-b581-9b6d5efea530,Redken One United,leave_in,True,verified_exact,ready_for_dry_run,21.99,26,18.24,,,150,ml,https://www.number-one.de/Redken-One-United-Multi-Benefit-Treatment-150-ml,"[""3474637102555""]",available,[],retailer-final-price-refresh.json,"Exact GTIN, product, package, price and current availability/purchase evidence."
45f4fe15-c439-476d-8a86-3b2aac5053bd,Urban Alchemy Repair & Revive Leave-In Spray,leave_in,True,verified_exact,ready_for_dry_run,22.9,22.9,0.0,,,150,ml,https://urban-alchemy.com/products/repair-revive-leave-in-spray-150-ml,"[""4063528079923""]",http://schema.org/InStock,[],retailer-final-price-refresh.json,"Official PDP JSON-LD has exact GTIN, 150 ml package, price and InStock offer."
94cf6959-a53b-421b-9f0f-05efc239171c,Wella Ultimate Repair Protective Leave-In,leave_in,True,needs_package_decision,held,18.51,19.38,,,,95,ml,https://www.hagel-shop.de/wella-wp-ultimate-repair-leave-in-treatment-95-ml.html,"[""4068359081183""]",InStock;2-4businessdays,"[""needs_package_decision""]",wella-package-alternative-live.json,Recommend95mlpreferred-shop candidate only after explicit package decision and product/formula continuity verification. Keep existing140mlrecognition identifier; no identifier changes authorized automatically.
a0cc0c36-b5ce-4a38-b224-64c666a83809,Hitzeschutzspray 2-Phasen,heat_protectant,False,needs_barcode_review,held,1.95,1.95,,,,200.0,ml,https://www.dm.de/p/d/1460813/balea-hitzeschutzspray,"[""4070765016758""]","{""purchasable"": true, ""sellout"": false}","[""needs_barcode_review""]",dm-final-matched-refresh.json,"Fresh official dm result matched selected DAN/GTIN, package and public price; purchasable=true."
cb228f9d-4e46-4302-9a6f-92c393eda1bd,Hydra Protect Hitzeschutzspray,heat_protectant,False,verified_exact,ready_for_dry_run,3.95,3.99,1.01,,,150,ml,https://www.rossmann.de/de/pflege-und-duft-taft-hitzeschutz-spray-aloe-boost/p/4015100893403,"[""4015100893403""]",available,[],rossmann-final-browser-refresh.json,Oct 3 live exact Rossmann whole-pack offer and online delivery confirmed.
380fec2b-6ecd-499d-987e-d273ad3085b1,"Afrolocke Leave-In Haarkur, für lockiges Haar",leave_in,False,verified_exact,ready_for_dry_run,16.95,16.95,0.0,250,ml,250.0,ml,https://www.dm.de/p/d/1573037/afrolocke-leave-in-haarkur-fuer-lockiges-haar,"[""4270000814433""]","{""purchasable"": true, ""sellout"": false}",[],dm-final-matched-refresh.json,"Fresh official dm result matched selected DAN/GTIN, package and public price; purchasable=true."
d70fdc25-2cdc-4b8a-b005-c4c719d88c33,alverde NATURKOSMETIK Haarserum Nutri-Care,leave_in,False,verified_exact,ready_for_dry_run,2.75,2.75,0.0,75,ml,75.0,ml,https://www.dm.de/p/d/3106844/alverde-naturkosmetik-haarserum-nutri-care,"[""4066447975345""]","{""purchasable"": true, ""sellout"": false}",[],dm-final-matched-refresh.json,"Fresh official dm result matched selected DAN/GTIN, package and public price; purchasable=true."
ba326dab-99d8-4b82-a1c5-de9aee2578a4,"AUSSIE SOS Leave-In Haarserum 100 Hours Hydration, 160 ml",leave_in,False,verified_exact,ready_for_dry_run,8.95,8.95,0.0,,,160.0,ml,https://www.dm.de/p/d/3135991/aussie-leave-in-haarserum-100-hours-hydration,"[""8006530085724""]","{""purchasable"": true, ""sellout"": false}",[],dm-final-matched-refresh.json,"Fresh official dm result matched selected DAN/GTIN, package and public price; purchasable=true."
ea88a333-b11c-45c3-bbda-c51f912ee56f,Balea Professional Brilliant Blond Hair Sealer Leave-in Serum,leave_in,False,verified_exact,needs_alignment,5.59,2.75,-50.81,,,100.0,ml,https://www.dm.de/p/d/3062765/balea-professional-leave-in-serum-brilliant-blond-hair-sealer,"[""4070765027518""]","{""purchasable"": true, ""sellout"": false}","[""price_change_over_30pct""]",dm-final-matched-refresh.json,"Fresh official dm result matched selected DAN/GTIN, package and public price; purchasable=true."
76f3611b-2dda-4a90-bd3c-c9b1577ec5aa,Balea Professional Leave-In Haarmaske Molecular Care,leave_in,False,verified_exact,ready_for_dry_run,2.95,2.95,0.0,50,ml,50.0,ml,https://www.dm.de/p/d/3106685/balea-professional-leave-in-haarmaske-molecular-care,"[""4066447910148""]","{""purchasable"": true, ""sellout"": false}",[],dm-final-matched-refresh.json,"Fresh official dm result matched selected DAN/GTIN, package and public price; purchasable=true."
2a8ae385-17c9-440b-ab89-87fe1e6350a4,Balea Professional Leave-In Serum Plex Care,leave_in,False,verified_exact,ready_for_dry_run,2.75,2.75,0.0,50,ml,50.0,ml,https://www.dm.de/p/d/1674699/balea-professional-leave-in-serum-plex-care,"[""4070765006322""]","{""purchasable"": true, ""sellout"": false}",[],dm-final-matched-refresh.json,"Fresh official dm result matched selected DAN/GTIN, package and public price; purchasable=true."
694c4568-9235-4893-ab54-96a75b3c4f27,Bali Curls Bonding Repair Leave-In Cream N°3,leave_in,False,verified_exact,ready_for_dry_run,13.9,9.95,-28.42,,,150.0,ml,https://www.dm.de/p/d/3120011/bali-curls-leave-in-cream-bonding-repair,"[""4262391991732""]","{""purchasable"": true, ""sellout"": false}",[],dm-final-matched-refresh.json,"Fresh official dm result matched selected DAN/GTIN, package and public price; purchasable=true."
3175b0a5-1be7-430f-b3d9-22ab3b4c11d2,Being Major Moisture Leave-In Conditioner,leave_in,False,verified_exact,ready_for_dry_run,6.79,7.95,17.08,354,ml,354,ml,https://www.hagel-shop.de/being-major-moisture-feuchtigkeit-leave-in-conditioner-354-ml-12133576.html,"[""4895248005988""]",http://schema.org/InStock,[],retailer-final-price-refresh.json,"Exact name, 354 ml package, GTIN, current EUR price and delivery time shown by German specialist PDP."
b89a5ced-700a-4cdb-be89-c85c212e4eca,Dejan Garz Leave-In Cream The Foundation,leave_in,False,verified_exact,ready_for_dry_run,9.95,9.95,0.0,100,ml,100.0,ml,https://www.dm.de/p/d/3063678/dejan-garz-leave-in-cream-the-foundation,"[""4270004570120""]","{""purchasable"": true, ""sellout"": false}",[],dm-final-matched-refresh.json,"Fresh official dm result matched selected DAN/GTIN, package and public price; purchasable=true."
bf3c797d-680f-44b4-8826-b5c45cf045ae,Dejan Garz Leave-In Serum The Foundation,leave_in,False,verified_exact,ready_for_dry_run,9.95,9.95,0.0,100,ml,100.0,ml,https://www.dm.de/p/d/3062977/dejan-garz-leave-in-serum-the-foundation,"[""4270004570137""]","{""purchasable"": true, ""sellout"": false}",[],dm-final-matched-refresh.json,"Fresh official dm result matched selected DAN/GTIN, package and public price; purchasable=true."
a9fc4fb5-0152-40dd-9a01-6ecf0155709f,Garnier Fructis Leave-In Creme Aloe Air Dry,leave_in,False,verified_exact,ready_for_dry_run,5.95,5.95,0.0,400,ml,400.0,ml,https://www.dm.de/p/d/1538389/garnier-fructis-leave-in-creme-aloe-air-dry,"[""3600542117593""]","{""purchasable"": true, ""sellout"": false}",[],dm-final-matched-refresh.json,"Fresh official dm result matched selected DAN/GTIN, package and public price; purchasable=true."
b3ddfac2-ae06-42dd-9caf-822a2941c6f2,Garnier Fructis Leave-In Creme Locken Methode Air Dry,leave_in,False,verified_exact,ready_for_dry_run,5.95,5.95,0.0,260,ml,260.0,ml,https://www.dm.de/p/d/3115736/garnier-fructis-leave-in-creme-locken-methode-air-dry,"[""3600542657044""]","{""purchasable"": true, ""sellout"": false}",[],dm-final-matched-refresh.json,"Fresh official dm result matched selected DAN/GTIN, package and public price; purchasable=true."
a8abcd37-f0cc-4b31-91d9-7ec786a6abde,Herbal Essences Leave-In Spray Blütensanft Rosenduft,leave_in,False,verified_exact,ready_for_dry_run,5.95,5.95,0.0,145,ml,145.0,ml,https://www.dm.de/p/d/3045328/herbal-essences-leave-in-spray-bluetensanft-rosenduft,"[""8700216631761""]","{""purchasable"": true, ""sellout"": false}",[],dm-final-matched-refresh.json,"Fresh official dm result matched selected DAN/GTIN, package and public price; purchasable=true."
958c37a5-7581-4b3a-9fcb-9d086238316e,Herbal Essences Leave-In Spray Kamille,leave_in,False,verified_exact,ready_for_dry_run,5.95,5.95,0.0,145,ml,145.0,ml,https://www.dm.de/p/d/3045337/herbal-essences-leave-in-spray-kamille,"[""8700216631792""]","{""purchasable"": true, ""sellout"": false}",[],dm-final-matched-refresh.json,"Fresh official dm result matched selected DAN/GTIN, package and public price; purchasable=true."
67d95443-490d-47fb-876e-8d9eecf015ae,Jean&Len Leave-In Haarmaske Peptide Intense Repair,leave_in,False,verified_exact,ready_for_dry_run,5.25,5.25,0.0,100,ml,100,ml,https://www.dm.de/p/d/3086348/jean-und-len-leave-in-haarmaske-peptide-intense-repair,"[""4262500780288""]",available,[],dm-final-browser-refresh.json,Hydrated dm PDP confirms exact pack/price and standard delivery.
4c4980b7-99e0-4225-90fb-d55082a1f264,L'Oréal Paris Elvital Leave-In Haarkur Hydra Hyaluron Aufpolsterndes Feuchtigkeitsserum,leave_in,False,verified_exact,ready_for_dry_run,6.99,6.95,-0.57,150,ml,150.0,ml,https://www.dm.de/p/d/1633046/l-oreal-paris-elvital-haarserum-hydra-hyaluronic-feuchtigkeitsspendend,"[""3600524030865""]","{""purchasable"": true, ""sellout"": false}",[],dm-final-matched-refresh.json,"Fresh official dm result matched selected DAN/GTIN, package and public price; purchasable=true."
0c80efd5-0462-46fa-ad15-2c736f5ef269,"L'Oréal Paris Elvital Leave-In Haarserum Bond Repair, Anti-Haarschäden",leave_in,False,verified_exact,ready_for_dry_run,9.95,9.95,0.0,150,ml,150.0,ml,https://www.dm.de/p/d/1679221/l-oreal-paris-elvital-leave-in-haarserum-bond-repair-anti-haarschaeden,"[""3600524075576""]","{""purchasable"": true, ""sellout"": false}",[],dm-final-matched-refresh.json,"Fresh official dm result matched selected DAN/GTIN, package and public price; purchasable=true."
0ba22032-a5b1-4a0a-a8a2-b49861d00fb8,L'Oréal Paris Elvital Leave-In Serum Glycolic Gloss,leave_in,False,verified_exact,ready_for_dry_run,9.95,9.95,0.0,150,ml,150.0,ml,https://www.dm.de/p/d/1343857/l-oreal-paris-elvital-leave-in-serum-glycolic-gloss,"[""3600524135430""]","{""purchasable"": true, ""sellout"": false}",[],dm-final-matched-refresh.json,"Fresh official dm result matched selected DAN/GTIN, package and public price; purchasable=true."
42a2fe20-bd7e-49a3-a880-8ae89015a5c9,Neqi Diamond Glass Ultimate Styling Spray,leave_in,False,verified_exact,ready_for_dry_run,12.95,12.95,0.0,,,180,ml,https://www.dm.de/p/d/3080142/neqi-leave-in-spray-diamond-glass-ultimate,"[""4063528094575""]",Lieferbar; enabled cart; standard delivery2-3businessdays,[],final-preferred-last-two.json,Keep exact preferred dm Ultimate180ml12.95EUR. Hagel9.95 candidate hasGTIN4063528078469 and lacksUltimate designation; different variant is excluded. Maquibeauty11.01Oct2 offer superseded by preferred live dm.
404fb3e4-04c4-4089-8120-8c3e92300a3a,Plantur 39 Leave-In Sprühkur,leave_in,False,verified_exact,ready_for_dry_run,6.95,6.95,0.0,125,ml,125.0,ml,https://www.dm.de/p/d/1257393/plantur-39-leave-in-spruehkur,"[""4008666752314""]","{""purchasable"": true, ""sellout"": false}",[],dm-final-matched-refresh.json,"Fresh official dm result matched selected DAN/GTIN, package and public price; purchasable=true."
d840b368-3416-4104-9ccb-0e5a656a4929,Schwarzkopf Gliss Haarkur Night Elixier Ultimate Repair,leave_in,False,verified_exact,ready_for_dry_run,7.45,7.45,0.0,100,ml,100.0,ml,https://www.dm.de/p/d/1681632/schwarzkopf-gliss-haarkur-night-elixier-ultimate-repair,"[""4015100813951""]","{""purchasable"": true, ""sellout"": false}",[],dm-final-matched-refresh.json,"Fresh official dm result matched selected DAN/GTIN, package and public price; purchasable=true."
a67c4125-2195-4cb6-a6d0-8bcd495a74d4,Schwarzkopf Gliss Sprüh-Conditioner Express-Repair Total Repair,leave_in,False,verified_exact,ready_for_dry_run,4.95,4.95,0.0,200,ml,200.0,ml,https://www.dm.de/p/d/1430766/schwarzkopf-gliss-sprueh-conditioner-express-repair-total-repair,"[""4015100813470""]","{""purchasable"": true, ""sellout"": false}",[],dm-final-matched-refresh.json,"Fresh official dm result matched selected DAN/GTIN, package and public price; purchasable=true."
d2936db6-6865-4375-8060-95995b96b804,Wahre Schätze Haarserum Honig reparierend,leave_in,False,verified_exact,ready_for_dry_run,6.95,6.95,0.0,115,ml,115.0,ml,https://www.dm.de/p/d/1324799/wahre-schaetze-haarserum-honig-reparierend,"[""3600542567329""]","{""purchasable"": true, ""sellout"": false}",[],dm-final-matched-refresh.json,"Fresh official dm result matched selected DAN/GTIN, package and public price; purchasable=true."
dc9f6662-b51b-4011-91ae-494c2d254f11,Wahre Schätze Leave-In Haarkur Avocado,leave_in,False,verified_exact,ready_for_dry_run,2.95,2.95,0.0,200,ml,200.0,ml,https://www.dm.de/p/d/2976366/wahre-schaetze-leave-in-haarkur-avocado,"[""3600542639200""]","{""purchasable"": true, ""sellout"": false}",[],dm-final-matched-refresh.json,"Fresh official dm result matched selected DAN/GTIN, package and public price; purchasable=true."
517dca50-5d55-4038-ba1d-f9b745708327,Allgäuer Ölmühle Bio Traubenkernöl,oil,True,verified_exact,ready_for_dry_run,7.99,7.99,0.0,,,100.0,ml,https://www.mueller.de/p/allgaeuer-oelmuehle-bio-traubenkernoel-223549/,"[""4260389030401""]",https://schema.org/InStock,[],retailer-final-price-refresh.json,"Registered GTIN, exact package and live buyable retailer offer"
fd83b493-f7be-4071-9642-3d5b92e30dc2,Balea Traumlocken Öl,oil,True,verified_exact,ready_for_dry_run,2.75,2.75,0.0,,,100.0,ml,https://www.dm.de/p/d/1635760/balea-professional-haaroel-traumlocken,"[""4070765002089""]","{""purchasable"": true, ""sellout"": false}",[],dm-final-matched-refresh.json,"Fresh official dm result matched selected DAN/GTIN, package and public price; purchasable=true."
1c43bc07-e3c6-4b8a-9b62-943147052e07,Haaröl Oil Repair Intensiv,oil,True,verified_exact,ready_for_dry_run,2.75,2.75,0.0,100,ml,100.0,ml,https://www.dm.de/p/d/1700841/balea-professional-haaroel-oil-repair-intensiv,"[""4066447888195""]","{""purchasable"": true, ""sellout"": false}",[],dm-final-matched-refresh.json,"Fresh official dm result matched selected DAN/GTIN, package and public price; purchasable=true."
a11855eb-64e5-438f-8880-1d3573efa9fa,benecos BIO Körperöl Aprikosenkernöl,oil,True,verified_exact,ready_for_dry_run,6.99,6.99,0.0,,,100.0,ml,https://www.mueller.de/p/benecos-bio-koerperoel-aprikosenkernoel-IPN2878067/,"[""4260198097541""]",https://schema.org/InStock,[],retailer-final-price-refresh.json,"Registered GTIN, exact package and live buyable retailer offer"
19aea9c4-4b90-4ec4-8cb6-90cb270010f7,benecos BIO Körperöl Macadamianussöl,oil,True,verified_exact,ready_for_dry_run,8.99,8.99,0.0,,,100.0,ml,https://www.mueller.de/p/benecos-bio-koerperoel-macadamianussoel-IPN2878442/,"[""4260198097596""]",https://schema.org/LimitedAvailability,[],retailer-final-price-refresh.json,"Registered GTIN, exact package and live buyable retailer offer"
ca4ae209-79d2-4f4d-8e44-46e586cec62d,benecos BIO Körperöl Mandelöl,oil,True,verified_exact,ready_for_dry_run,8.99,8.99,0.0,,,100.0,ml,https://www.mueller.de/p/benecos-bio-koerperoel-mandeloel-IPN2878446/,"[""4260198097572""]",https://schema.org/InStock,[],retailer-final-price-refresh.json,"Registered GTIN, exact package and live buyable retailer offer"
3acd3c18-0a4b-45f8-9178-5bd2f4e0a38b,benecos BIO Körperöl Wunderbaumsamenöl,oil,True,verified_exact,ready_for_dry_run,4.99,4.99,0.0,,,100.0,ml,https://www.mueller.de/p/benecos-bio-koerperoel-wunderbaumsamenoel-IPN2878448/,"[""4260198097534""]",https://schema.org/InStock,[],retailer-final-price-refresh.json,"Registered GTIN, exact package and live buyable retailer offer"
29e36443-93ff-4b62-9cf0-55ad9f89f530,BioGourmet Distelöl,oil,True,verified_exact,needs_alignment,5.99,6.29,5.01,,,250,ml,https://www.greenist.de/biogourmet-bio-disteloel-250ml.html,"[""4039057414863""]",available,"[""retailer_exception""]",oils-commercial-evidence.json,Live Greenist HTML verifies exact GTIN/250ml/price and sofort versandfertig. Müller fresh JSONLD OutOfStock overrules stale indexed availability. German specialist fallback after preferred-source checks.
acf9d5cd-76e4-49c7-9c04-0af1f20506ad,dmBio Kokosöl nativ,oil,True,verified_exact,ready_for_dry_run,2.85,2.85,0.0,,,300.0,ml,https://www.dm.de/p/d/1544928/dmbio-kokosoel-nativ,"[""4058172504969""]","{""purchasable"": true, ""sellout"": false}",[],dm-final-matched-refresh.json,"Fresh official dm result matched selected DAN/GTIN, package and public price; purchasable=true."
9bfe0a67-72ad-4951-bb99-9f2f5d5c724a,dmBio natives Olivenöl extra,oil,True,verified_exact,ready_for_dry_run,6.95,6.95,0.0,750,ml,750,ml,https://www.dm.de/p/d/1459848/dmbio-natives-olivenoel-extra,"[""4066447918687""]",available,[],dm-final-browser-refresh.json,Hydrated dm PDP confirms exact pack/price and standard delivery.
4a95e1de-54e9-4fcd-b227-72a5824d13c1,Dr. Scheller Jojobaöl,oil,True,verified_exact,ready_for_dry_run,8.45,8.45,0.0,,,30.0,ml,https://www.dm.de/p/d/1675203/dr-scheller-koerperoel-jojoba,"[""4051424570248""]","{""purchasable"": true, ""sellout"": false}",[],dm-final-matched-refresh.json,"Fresh official dm result matched selected DAN/GTIN, package and public price; purchasable=true."
70ea52bc-2194-4bb3-82a8-3f4a2aede041,Dr. Scheller Reines Arganöl,oil,True,verified_exact,ready_for_dry_run,8.45,8.45,0.0,,,30.0,ml,https://www.mueller.de/p/dr-scheller-reines-arganoel-2859166/,"[""4051424570040""]",https://schema.org/InStock,[],retailer-final-price-refresh.json,"Registered GTIN, exact package and live buyable retailer offer"
c574ee6f-ad22-45c0-b936-57b847d93433,Garnier Fructis Sleek & Stay Heat-Activated Serum,oil,True,verified_exact,ready_for_dry_run,7.99,7.99,0.0,,,50,ml,https://www.rossmann.de/de/pflege-und-duft-garnier-fructis-sleek-und-stay-heat-activated-serum/p/3600542638852,"[""3600542638852""]",available,[],rossmann-final-browser-refresh.json,Oct 3 live exact Rossmann whole-pack offer and online delivery confirmed.
e6b87909-6104-4a9a-a3ef-e1c64a1b15b1,Garnier Fructis Wunderöl,oil,True,verified_exact,ready_for_dry_run,5.95,5.95,0.0,,,150.0,ml,https://www.dm.de/p/d/1499815/garnier-fructis-haaroel-oil-repair-wunder-oel,"[""3600542020053""]","{""purchasable"": true, ""sellout"": false}",[],dm-final-matched-refresh.json,"Fresh official dm result matched selected DAN/GTIN, package and public price; purchasable=true."
ea9d38a1-25ce-4c01-868b-960cc5ee4397,Garnier Wahre Schätze Curl Revival Öl,oil,True,verified_exact,ready_for_dry_run,6.99,6.99,0.0,,,120,ml,https://www.rossmann.de/de/pflege-und-duft-garnier-wahre-schaetze-curl-revival-elixir-intensiv-naehrendes-haaroel/p/3600542624336,"[""3600542624336""]",available,[],rossmann-final-browser-refresh.json,Oct 3 live exact Rossmann whole-pack offer and online delivery confirmed.
b916efff-8b80-47d4-82cf-d8148d1eff53,HASK Argan Oil Repairing Shine Oil,oil,True,verified_exact,ready_for_dry_run,2.95,2.59,-12.2,,,18,ml,https://www.rossmann.de/de/pflege-und-duft-hask-argan-shine-oil/p/0071164029855,"[""0071164029855""]",available,[],rossmann-final-browser-refresh.json,Oct 3 live exact Rossmann whole-pack offer and online delivery confirmed.
7f5207e6-d281-416e-922c-3135dd9a8cc8,Innersense Harmonic Treatment Oil,oil,True,needs_package_decision,held,29.99,29,,,,29,ml,https://www.hagel-shop.de/innersense-harmonic-treatment-oil-29-ml.html,"[""852415001833""]",http://schema.org/InStock,"[""needs_package_decision""]",retailer-final-price-refresh.json,RegisteredGTIN850006575039 identifies118ml. Exact118ml €79 at Belladonna is available;29ml preferred Hagel changes basepackage/adds recognitionbarcode. Nick question pending.
05e68c32-f096-457f-8b88-5cd3c0934873,Jean&Len Repair Keratin & Mandel,oil,True,verified_same_product_package,needs_alignment,6.95,3.99,-42.59,,,100,ml,https://www.jeanlen.de/keratin-haaroel,"[""4262401733253""]",https://schema.org/InStock,"[""price_change_over_30pct""]",retailer-final-price-refresh.json,BrandJSONLD now explicitly supplies registered100mlGTIN.
6ad82861-d68e-4e70-a976-78c0f35d087b,Kevin Murphy Young Again,oil,True,verified_exact,ready_for_dry_run,43,43.0,0.0,100,ml,100.0,ml,https://www.hagel-shop.de/kevin-murphy-young-again-leave-in-treatment-100-ml.html,"[""9339341020356""]",http://schema.org/InStock,[],retailer-final-price-refresh.json,"Registered GTIN, exact package and live buyable retailer offer"
3eb198a5-9aab-4f28-9df1-c4869c6a12db,KoRo MCT Öl,oil,True,verified_exact,ready_for_dry_run,16.95,17.5,3.24,,,500,ml,https://www.korodrogerie.de/bio-mct-oel-500-ml,"[""4260718296232""]",https://schema.org/InStock,[],retailer-final-price-refresh.json,Exact current product/package and registered GTIN via primary retailer PDP
c05773dd-9656-4381-a0ab-8e9fc310c520,L’Oréal Elvital Öl Magique Jojoba,oil,True,verified_exact,ready_for_dry_run,6.99,6.95,-0.57,,,100.0,ml,https://www.dm.de/p/d/1621825/l-oreal-paris-elvital-haaroel-oel-magique-jojoba,"[""3600523749188""]","{""purchasable"": true, ""sellout"": false}",[],dm-final-matched-refresh.json,"Fresh official dm result matched selected DAN/GTIN, package and public price; purchasable=true."
21a94166-3813-4c0f-8912-508fb8f704f1,L’Oréal Öl Magique Midnight Serum,oil,True,verified_exact,ready_for_dry_run,7.95,7.95,0.0,,,100.0,ml,https://www.dm.de/p/d/1333706/l-oreal-paris-elvital-haarserum-oel-magique-midnight-serum,"[""3600524135805""]","{""purchasable"": true, ""sellout"": false}",[],dm-final-matched-refresh.json,"Fresh official dm result matched selected DAN/GTIN, package and public price; purchasable=true."
7b5ff358-1b3b-411d-9220-5e6d30543235,Maria Nila True Soft Argan Oil,oil,True,verified_exact,ready_for_dry_run,37,27.75,-25.0,,,100.0,ml,https://www.hagel-shop.de/maria-nila-true-soft-argan-oil-100-ml.html,"[""7391681036376""]",http://schema.org/InStock,[],retailer-final-price-refresh.json,"Registered GTIN, exact package and live buyable retailer offer"
38886b62-2c45-4b34-9a24-7d831e97946e,MoriVeda Premium Moringaöl,oil,True,verified_exact,needs_alignment,16.99,16.99,0.0,,,100,ml,https://www.shop-apotheke.com/ernaehrung/upmLDFZ4H/moriveda-moringa-oel-premium-erstpressung-aus-geschaelten-oleifera-samen-schoten.htm,"[""4251762160037""]",available from manufacturer AMTEC Trading,"[""retailer_exception""]",oils-commercial-evidence.json,Existing exact100ml offer; live JSONLD registeredGTIN16.99InStock; PDP sellerAMTECTrading is manufacturer. Marketplace channel needs explicit retailer eligibility review.
ff13bc3a-8bc6-49df-85a0-7a67add26926,NANOIL Avocadoöl,oil,True,verified_exact,ready_for_dry_run,12.99,12.99,0.0,,,50,ml,https://www.rossmann.de/de/pflege-und-duft-nanoil-avocadooel/p/5905669547130,"[""5905669547130""]",available,[],rossmann-final-browser-refresh.json,Oct 3 live exact Rossmann whole-pack offer and online delivery confirmed.
2ffeae68-c625-4df5-be02-0c1b620aa0fc,nedura Schwarzkümmelöl ungefiltert,oil,True,verified_exact,ready_for_dry_run,17.95,17.95,0.0,,,500.0,ml,https://www.dm.de/p/d/3098859/nedura-schwarzkuemmeloel-ungefiltert,"[""4262490410776""]","{""purchasable"": true, ""sellout"": false}",[],dm-final-matched-refresh.json,"Fresh official dm result matched selected DAN/GTIN, package and public price; purchasable=true."
27a2dd61-6e54-4746-8e24-a698dbafbf91,Neqi Opulent Oil,oil,True,verified_exact,ready_for_dry_run,7.95,7.95,0.0,,,75.0,ml,https://www.dm.de/p/d/1455216/neqi-haarserum-opulent-oil,"[""4063528078520""]","{""purchasable"": true, ""sellout"": false}",[],dm-final-matched-refresh.json,"Fresh official dm result matched selected DAN/GTIN, package and public price; purchasable=true."
78e6f1b2-7262-46af-b689-a92af6702739,NUTREEOIL Cacay Öl,oil,True,unavailable_verified,held,34.99,34.99,,,,30,ml,https://www.nutreeoil.com/products/nutreeoil-cacay-ol-30ml,"[""4260541540014""]",out_of_stock,"[""unavailable_verified""]",oils-commercial-evidence.json,"Official30ml registeredvariant out of stock;15ml€24.99 available separatevariant, not selected."
5767f7a6-757c-40fa-b990-8e0a1abaea17,Nuxe Huile Prodigieuse Öl,oil,True,verified_exact,ready_for_dry_run,38.9,38.9,0.0,,,100.0,ml,https://de.nuxe.com/products/wichtiger-ol%c2%ae-1,"[""3264680009754""]",https://schema.org/InStock,[],retailer-final-price-refresh.json,"Registered GTIN, exact package and live buyable retailer offer"
aa349c07-1add-44d4-9161-d99190182e5c,OGX Argan weightless Öl,oil,True,verified_exact,ready_for_dry_run,8.95,8.95,0.0,118,ml,118.0,ml,https://www.hagel-shop.de/ogx-renewing-argan-oil-of-morocco-oil-weightless-reviving-dry-oil-118-ml.html,"[""3574661563350""]",http://schema.org/InStock,[],retailer-final-price-refresh.json,"Registered GTIN, exact package and live buyable retailer offer"
c320750f-6a1e-420d-8594-409f04e05319,OGX Bond Protein Repair,oil,True,verified_exact,needs_alignment,8.95,18.68,108.72,,,50,ml,https://www.boozt.com/de/de/ogx/bond-repair-3-in-1-oil-mist-50-ml_32962841/231199513,"[""3574661818481""]",https://schema.org/InStock,"[""price_change_over_30pct"", ""retailer_exception""]",retailer-final-price-refresh.json,Live Boozt HTML/PDP confirms 50ml exact registeredGTIN offer. Price rise exceeds30%; hold for Nick despite source verification.
1ed63e8e-4840-49ec-a49e-2b9f19f8bfbf,OGX Haaröl Moroccan Argan Penetrating Oil,oil,True,verified_exact,ready_for_dry_run,7.95,7.95,0.0,,,100.0,ml,https://www.dm.de/p/d/1442285/ogx-haaroel-moroccan-argan-penetrating-oil,"[""3574661563312""]","{""purchasable"": true, ""sellout"": false}",[],dm-final-matched-refresh.json,"Fresh official dm result matched selected DAN/GTIN, package and public price; purchasable=true."
2858a8b6-018b-4949-ae58-eedc348d20b4,OGX Miracle Coconut Oil,oil,True,verified_exact,ready_for_dry_run,7.95,7.95,0.0,,,100.0,ml,https://www.dm.de/p/d/2322377/ogx-haaroel-coconut-miracle-oil,"[""3574661563398""]","{""purchasable"": true, ""sellout"": false}",[],dm-final-matched-refresh.json,"Fresh official dm result matched selected DAN/GTIN, package and public price; purchasable=true."
7d8c0150-778d-4cb9-abf5-bfc16ad93b12,Olaplex No.7 Bonding Oil,oil,True,needs_barcode_review,held,32,32,,,,30,ml,https://olaplex.de/products/olaplex-no-7-bonding-oil?variant=45098439213322,"[""850018802895""]",http://schema.org/InStock,"[""needs_barcode_review""]",retailer-final-price-refresh.json,Official30ml32EUR variant publishes differentGTIN than registered850045076085. Registeredcode corroborated as30ml byFlaconi; preserve existing barcode and propose adding current30mlalias after Nick review. IndexedFlaconi20.48 failslive403 and is not used as currentprice.
1a6d62c7-c5e5-45aa-a45f-2cfba4aeccb5,Pantene Pro-V Coconut Oil,oil,True,verified_exact,ready_for_dry_run,4.95,4.95,0.0,,,100.0,ml,https://www.dm.de/p/d/1612745/pantene-pro-v-haaroel-coconut-infused-oil,"[""8001841890012""]","{""purchasable"": true, ""sellout"": false}",[],dm-final-matched-refresh.json,"Fresh official dm result matched selected DAN/GTIN, package and public price; purchasable=true."
fe974387-b487-470e-9799-69bb4249070b,Pantene Pro-V Keratin Protect Öl,oil,True,verified_exact,ready_for_dry_run,3.99,4.95,24.06,,,100,ml,https://www.dm.de/p/d/1395948/pantene-pro-v-trocken-oel-mit-vitamin-e-keratin-protect-oil-repair-und-care,"[""4084500084971""]","{""purchasable"": true, ""sellout"": false}",[],dm-final-matched-refresh.json,"Fresh official dm result matched selected DAN/GTIN, package and public price; purchasable=true."
5827a3b9-a488-4c74-b13a-4d655f94f1c3,Pantene Pro-V Miracles 7in1 Öl-Spray,oil,True,verified_exact,ready_for_dry_run,8.95,8.95,0.0,,,145.0,ml,https://www.mueller.de/p/pantene-pro-v-miracles-oel-spray-7-in-1-IPN2992303/,"[""8700216178402""]",https://schema.org/InStock,[],retailer-final-price-refresh.json,"Registered GTIN, exact package and live buyable retailer offer"
1dce2c18-6a45-4017-a748-e3a7f1cba36f,Primavera Calendulaöl Bio,oil,True,verified_exact,ready_for_dry_run,15.9,15.9,0.0,,,100.0,ml,https://www.mueller.de/p/primavera-calendulaoel-bio-IPN2893577/,"[""4086900743540""]",https://schema.org/InStock,[],retailer-final-price-refresh.json,"Registered GTIN, exact package and live buyable retailer offer"
663acf09-7090-40d8-9411-71154b9d60f3,Shiseido Fino Premium Touch Penetrating Hair Oil Essence,oil,True,verified_exact,needs_alignment,11,14.63,33.0,,,70,ml,https://nalda.de/products/4550516493590,"[""4550516493590""]",https://schema.org/InStock,"[""price_change_over_30pct"", ""retailer_exception""]",retailer-final-price-refresh.json,Live Nalda HTML12.41/9days replaces stale indexed16.92/42days. Exact registeredGTIN70ml. German fallback source requires retailer-quality review; no GlowUpbarcode substitution.
5ad6c978-fd27-469e-9f26-ff3f05b9f67a,Urban Alchemy Smooth Supreme Öl Serum,oil,True,verified_exact,ready_for_dry_run,22.9,22.9,0.0,,,75.0,ml,https://urban-alchemy.com/products/smooth-supreme-ol-serum-75ml,"[""4063528079978""]",http://schema.org/InStock,[],retailer-final-price-refresh.json,"Registered GTIN, exact package and live buyable retailer offer"
07120c73-0171-4a2a-9d07-facd9ce90d8c,Weleda Hydra Shine Gloss Drops Alpen-Lein,oil,True,verified_exact,ready_for_dry_run,9.95,9.95,0.0,,,30.0,ml,https://www.dm.de/p/d/3090516/weleda-haaroel-hydro-shine,"[""4001638590839""]","{""purchasable"": true, ""sellout"": false}",[],dm-final-matched-refresh.json,"Fresh official dm result matched selected DAN/GTIN, package and public price; purchasable=true."
55c39339-bac0-4899-9499-ee96fa0bdad8,Balea Professional Haaröl Plex Care,oil,False,verified_exact,ready_for_dry_run,2.75,2.75,0.0,50,ml,50.0,ml,https://www.dm.de/p/d/1343983/balea-professional-haaroel-plex-care,"[""4066447888218""]","{""purchasable"": true, ""sellout"": false}",[],dm-final-matched-refresh.json,"Fresh official dm result matched selected DAN/GTIN, package and public price; purchasable=true."
8a1f6818-84c7-4ed8-929a-221f0352b971,Bali Curls Haaröl Bonding Oil,oil,False,verified_exact,ready_for_dry_run,9.95,9.95,0.0,30,ml,30.0,ml,https://www.dm.de/p/d/3093558/bali-curls-haaroel-bonding-oil,"[""4262391990513""]","{""purchasable"": true, ""sellout"": false}",[],dm-final-matched-refresh.json,"Fresh official dm result matched selected DAN/GTIN, package and public price; purchasable=true."
7dcde56c-40e7-4e84-86b7-f6ac3d407a9d,Dejan Garz Haaröl Violet Hair Oil The Britney,oil,False,verified_exact,ready_for_dry_run,8.95,8.95,0.0,50,ml,50.0,ml,https://www.dm.de/p/d/3110122/dejan-garz-haaroel-violet-hair-oil-the-britney,"[""4063528101808""]","{""purchasable"": true, ""sellout"": false}",[],dm-final-matched-refresh.json,"Fresh official dm result matched selected DAN/GTIN, package and public price; purchasable=true."
4eddfc54-3704-4a3e-a9b7-0cff91538863,"Garnier Fructis Hitzeschutzspray Wunderöl, stark geschädigtes Haar",oil,False,verified_exact,ready_for_dry_run,5.95,5.99,0.67,150,ml,150,ml,https://www.rossmann.de/de/pflege-und-duft-garnier-fructis-hitzeschutzspray-anti-spliss-wunder-oel-stark-stark-geschaedigtes-haar/p/3600542020060,"[""3600542020060""]",available,[],rossmann-final-browser-refresh.json,Oct 3 live exact Rossmann whole-pack offer and online delivery confirmed.
770ee16b-154e-4c60-adf8-e9831718f6da,"Herbal Essences Haaröl Arganöl Elixir, Tiefenreparatur",oil,False,verified_exact,ready_for_dry_run,5.95,5.95,0.0,95,ml,95.0,ml,https://www.dm.de/p/d/3115710/herbal-essences-haaroel-arganoel-elixir-tiefenreparatur,"[""8006530075718""]","{""purchasable"": true, ""sellout"": false}",[],dm-final-matched-refresh.json,"Fresh official dm result matched selected DAN/GTIN, package and public price; purchasable=true."
c9ded02d-0bd8-4dc2-a7cc-c98f36dfe076,Isana Professional Haaröl Arganöl & Pflege,oil,False,verified_exact,ready_for_dry_run,2.79,2.79,0.0,100,ml,100,ml,https://www.rossmann.de/de/pflege-und-duft-isana-professional-haaroel-arganoel-und-pflege/p/4068134024947,"[""4068134024947""]",available,[],rossmann-final-browser-refresh.json,Oct 3 live exact Rossmann whole-pack offer and online delivery confirmed.
f7f28e1c-e177-4505-906d-c59f4291ba6b,"L'Oréal Paris Elvital Haaröl Öl Magique, für alle Haartypen",oil,False,verified_exact,ready_for_dry_run,6.95,6.95,0.0,100,ml,100.0,ml,https://www.dm.de/p/d/1621820/l-oreal-paris-elvital-haaroel-oel-magique-fuer-alle-haartypen,"[""3600523734955""]","{""purchasable"": true, ""sellout"": false}",[],dm-final-matched-refresh.json,"Fresh official dm result matched selected DAN/GTIN, package and public price; purchasable=true."
f89c1edc-cb71-4ec6-ac86-dc27c515568e,Langhaarmädchen Haaröl Intense Repair,oil,False,verified_exact,ready_for_dry_run,4.95,4.95,0.0,150,ml,150.0,ml,https://www.dm.de/p/d/1539520/langhaarmaedchen-haaroel-intense-repair,"[""4066447864793""]","{""purchasable"": true, ""sellout"": false}",[],dm-final-matched-refresh.json,"Fresh official dm result matched selected DAN/GTIN, package and public price; purchasable=true."
010cf825-4892-4f78-bf20-26ad72122c60,Neqi Smooth Strength Smooth Strength Rosemary Oil,oil,False,verified_exact,ready_for_dry_run,9.95,9.95,0.0,,,75.0,ml,https://www.dm.de/p/d/2972764/neqi-rosmarin-oel-smooth-strength,"[""4063528086280""]","{""purchasable"": true, ""sellout"": false}",[],dm-final-matched-refresh.json,"Fresh official dm result matched selected DAN/GTIN, package and public price; purchasable=true."
f0168972-dcd4-4593-aeb5-38d12343468a,Pantene Pro-V Haarkur Glatt & Seidig Arganöl Argan Infused Oil,oil,False,verified_exact,ready_for_dry_run,4.95,4.95,0.0,100,ml,100.0,ml,https://www.dm.de/p/d/1523357/pantene-pro-v-haarkur-glatt-und-seidig-arganoel-argan-infused-oil,"[""4084500085350""]","{""purchasable"": true, ""sellout"": false}",[],dm-final-matched-refresh.json,"Fresh official dm result matched selected DAN/GTIN, package and public price; purchasable=true."
e93d522b-6a07-42c8-8858-75a830d809b9,Schwarzkopf Gliss Haaröl Tägliches Öl Elixier,oil,False,verified_exact,ready_for_dry_run,5.95,5.95,0.0,75,ml,75.0,ml,https://www.dm.de/p/d/1534910/schwarzkopf-gliss-haaroel-taegliches-oel-elixier,"[""4015100813791""]","{""purchasable"": true, ""sellout"": false}",[],dm-final-matched-refresh.json,"Fresh official dm result matched selected DAN/GTIN, package and public price; purchasable=true."
6c51a883-85ae-4778-bb17-2f1318e3c969,Weleda Haaröl Rosmarin,oil,False,verified_exact,ready_for_dry_run,11.95,11.95,0.0,50,ml,50.0,ml,https://www.dm.de/p/d/1342502/weleda-haaroel-rosmarin,"[""4001638093620""]","{""purchasable"": true, ""sellout"": false}",[],dm-final-matched-refresh.json,"Fresh official dm result matched selected DAN/GTIN, package and public price; purchasable=true."
